DROP DATABASE IF EXISTS vitalflow_database;
CREATE DATABASE IF NOT EXISTS vitalflow_database;

USE vitalflow_database;

CREATE TABLE IF NOT EXISTS Doctor (
    DoctorID INTEGER PRIMARY KEY AUTO_INCREMENT,
    FirstName VARCHAR(50) NOT NULL,
    LastName VARCHAR(50) NOT NULL,
    Specialty VARCHAR(80),
    YearOfExperience INTEGER
);

CREATE TABLE IF NOT EXISTS Nurse (
    NurseID INTEGER PRIMARY KEY AUTO_INCREMENT,
    FirstName VARCHAR(50) NOT NULL,
    LastName VARCHAR(50) NOT NULL
);

CREATE TABLE IF NOT EXISTS Insurance (
    InsuranceID INTEGER PRIMARY KEY AUTO_INCREMENT,
    InsuranceProvider VARCHAR(100) NOT NULL,
    PolicyNumber VARCHAR(50) NOT NULL,
    Deductible DECIMAL(10,2),
    DueDate DATE
);

CREATE TABLE IF NOT EXISTS Visits (
    VisitID INTEGER PRIMARY KEY AUTO_INCREMENT,
    AdmitReason TEXT,
    AppointmentDate DATE NOT NULL,
    NextVisitDate DATE,
    INDEX idx_visit_date (AppointmentDate)
);

CREATE TABLE IF NOT EXISTS VitalChart (
    VitalID INTEGER PRIMARY KEY AUTO_INCREMENT,
    HeartRate INTEGER,
    BloodPressure VARCHAR(20),
    RespiratoryRate INTEGER,
    Temperature DECIMAL(5,2)
);

CREATE TABLE IF NOT EXISTS `Condition` (
    ConditionID INTEGER PRIMARY KEY AUTO_INCREMENT,
    Description TEXT NOT NULL,
    Treatment TEXT
);

CREATE TABLE IF NOT EXISTS Discharge (
    DischargeID INTEGER PRIMARY KEY AUTO_INCREMENT,
    DischargeDate DATE DEFAULT (CURRENT_DATE),
    Instructions TEXT,
    INDEX idx_discharge_date (DischargeDate)
);

CREATE TABLE IF NOT EXISTS Patient (
    PatientID INTEGER PRIMARY KEY AUTO_INCREMENT,
    FirstName VARCHAR(50) NOT NULL,
    LastName VARCHAR(50) NOT NULL,
    DOB DATE NOT NULL,
    Weight DECIMAL(6,2),
    BloodType VARCHAR(10),
    PreExisting BOOLEAN,
    InsuranceID INTEGER,
    DischargeID INTEGER,
    ConditionID INTEGER,
    DoctorID INTEGER,
    NurseID INTEGER,
    VitalID INTEGER,
    VisitID INTEGER,
    FOREIGN KEY (InsuranceID) REFERENCES Insurance(InsuranceID),
    FOREIGN KEY (DischargeID) REFERENCES Discharge(DischargeID),
    FOREIGN KEY (ConditionID) REFERENCES `Condition`(ConditionID),
    FOREIGN KEY (DoctorID) REFERENCES Doctor(DoctorID),
    FOREIGN KEY (NurseID) REFERENCES Nurse(NurseID),
    FOREIGN KEY (VitalID) REFERENCES VitalChart(VitalID),
    FOREIGN KEY (VisitID) REFERENCES Visits(VisitID),
    INDEX idx_patient_doctor (DoctorID),
    INDEX idx_patient_nurse (NurseID),
    INDEX idx_patient_insurance (InsuranceID),
    INDEX idx_patient_discharge (DischargeID),
    INDEX idx_patient_condition (ConditionID),
    INDEX idx_patient_visit (VisitID),
    INDEX idx_patient_vital (VitalID)
);

CREATE TABLE IF NOT EXISTS Proxy (
    ProxyID INTEGER PRIMARY KEY AUTO_INCREMENT,
    PatientID INTEGER NOT NULL,
    FirstName VARCHAR(50) NOT NULL,
    LastName VARCHAR(50) NOT NULL,
    Relationship VARCHAR(50),
    FOREIGN KEY (PatientID) REFERENCES Patient(PatientID) ON DELETE CASCADE,
    INDEX idx_proxy_patient (PatientID)
);

CREATE TABLE IF NOT EXISTS Medication (
    MedicationID INTEGER PRIMARY KEY AUTO_INCREMENT,
    PrescriptionName VARCHAR(100) NOT NULL,
    DosageAmount DECIMAL(10,2),
    DosageUnit VARCHAR(20),
    PickUpLocation VARCHAR(100),
    RefillsLeft INTEGER,
    FrequencyAmount INTEGER,
    FrequencyPeriod VARCHAR(20)
);

CREATE TABLE IF NOT EXISTS Patient_Medications (
    PatientID INTEGER,
    MedicationID INTEGER,
    PrescribedDate DATE DEFAULT (CURRENT_DATE),
    EndDate DATE,
    PRIMARY KEY (PatientID, MedicationID),
    FOREIGN KEY (PatientID) REFERENCES Patient(PatientID) ON DELETE CASCADE,
    FOREIGN KEY (MedicationID) REFERENCES Medication(MedicationID),
    INDEX idx_patient_meds_patient (PatientID),
    INDEX idx_patient_meds_medication (MedicationID),
    INDEX idx_patient_meds_date (PrescribedDate)
);

CREATE TABLE IF NOT EXISTS MessageDetails (
    MessageID INTEGER PRIMARY KEY AUTO_INCREMENT,
    Subject VARCHAR(255) NOT NULL,
    Content TEXT NOT NULL,
    SentTime DATETIME DEFAULT CURRENT_TIMESTAMP,
    PostedBy INTEGER NOT NULL,
    PostedByRole VARCHAR(20),
    SenderType VARCHAR(50),
    ReadStatus BOOLEAN DEFAULT FALSE,
    Priority VARCHAR(20) DEFAULT 'Normal',
    INDEX idx_msg_senttime (SentTime),
    INDEX idx_msg_postedby (PostedBy, PostedByRole)
);

CREATE TABLE IF NOT EXISTS MessagePatients (
    MessageID INTEGER,
    PatientID INTEGER,
    PRIMARY KEY (MessageID, PatientID),
    FOREIGN KEY (MessageID) REFERENCES MessageDetails(MessageID) ON DELETE CASCADE,
    FOREIGN KEY (PatientID) REFERENCES Patient(PatientID) ON DELETE CASCADE,
    INDEX idx_msg_patient (PatientID)
);

CREATE TABLE IF NOT EXISTS MessageDoctor (
    MessageID INTEGER,
    DoctorID INTEGER,
    PRIMARY KEY (MessageID, DoctorID),
    FOREIGN KEY (MessageID) REFERENCES MessageDetails(MessageID) ON DELETE CASCADE,
    FOREIGN KEY (DoctorID) REFERENCES Doctor(DoctorID) ON DELETE CASCADE,
    INDEX idx_msg_doctor (DoctorID)
);

CREATE TABLE IF NOT EXISTS MessageNurse (
    MessageID INTEGER,
    NurseID INTEGER,
    PRIMARY KEY (MessageID, NurseID),
    FOREIGN KEY (MessageID) REFERENCES MessageDetails(MessageID) ON DELETE CASCADE,
    FOREIGN KEY (NurseID) REFERENCES Nurse(NurseID) ON DELETE CASCADE,
    INDEX idx_msg_nurse (NurseID)
);

CREATE TABLE IF NOT EXISTS AlertDetails (
    AlertID INTEGER PRIMARY KEY AUTO_INCREMENT,
    Message TEXT NOT NULL,
    SentTime DATETIME DEFAULT CURRENT_TIMESTAMP,
    PostedBy INTEGER NOT NULL,
    PostedByRole VARCHAR(20),
    UrgencyLevel INTEGER CHECK (UrgencyLevel BETWEEN 1 AND 5),
    Protocol TEXT,
    INDEX idx_alert_senttime (SentTime),
    INDEX idx_alert_urgency (UrgencyLevel),
    INDEX idx_alert_postedby (PostedBy, PostedByRole)
);

CREATE TABLE IF NOT EXISTS AlertsDoctors (
    AlertID INTEGER,
    DoctorID INTEGER,
    AcknowledgedTime DATETIME DEFAULT NULL,
    PRIMARY KEY (AlertID, DoctorID),
    FOREIGN KEY (AlertID) REFERENCES AlertDetails(AlertID) ON DELETE CASCADE,
    FOREIGN KEY (DoctorID) REFERENCES Doctor(DoctorID) ON DELETE CASCADE,
    INDEX idx_alert_doctor (DoctorID),
    INDEX idx_alert_doctor_ack (AcknowledgedTime)
);

CREATE TABLE IF NOT EXISTS AlertsNurse (
    AlertID INTEGER,
    NurseID INTEGER,
    AcknowledgedTime DATETIME DEFAULT NULL,
    PRIMARY KEY (AlertID, NurseID),
    FOREIGN KEY (AlertID) REFERENCES AlertDetails(AlertID) ON DELETE CASCADE,
    FOREIGN KEY (NurseID) REFERENCES Nurse(NurseID) ON DELETE CASCADE,
    INDEX idx_alert_nurse (NurseID),
    INDEX idx_alert_nurse_ack (AcknowledgedTime)
);

INSERT INTO Doctor (FirstName, LastName, Specialty, YearOfExperience) VALUES
('Maya', 'Ellison', 'Cardiology', 15),
('Michael', 'Chen', 'Internal Medicine', 12),
('Emily', 'Rodriguez', 'Pediatrics', 8),
('James', 'Williams', 'Emergency Medicine', 20),
('Lisa', 'Anderson', 'Neurology', 10),
('Robert', 'Martinez', 'Orthopedics', 18),
('Jennifer', 'Davis', 'Oncology', 14),
('David', 'Brown', 'Psychiatry', 7),
('Maria', 'Garcia', 'Dermatology', 9),
('Thomas', 'Wilson', 'General Surgery', 22),
('Sarah', 'Johnson', 'Cardiology', 13),
('Christopher', 'Lee', 'Internal Medicine', 16),
('Amanda', 'Taylor', 'Pediatrics', 11),
('Daniel', 'Anderson', 'Emergency Medicine', 19),
('Jessica', 'White', 'Neurology', 12),
('Matthew', 'Thompson', 'Orthopedics', 15),
('Rachel', 'Garcia', 'Oncology', 17),
('Andrew', 'Miller', 'Psychiatry', 9),
('Nicole', 'Davis', 'Dermatology', 14),
('Kevin', 'Wilson', 'General Surgery', 21),
('Stephanie', 'Brown', 'Cardiology', 18),
('Ryan', 'Jones', 'Internal Medicine', 14),
('Lauren', 'Martinez', 'Pediatrics', 13),
('Brandon', 'Clark', 'Emergency Medicine', 16),
('Megan', 'Lewis', 'Neurology', 11),
('Justin', 'Hall', 'Orthopedics', 20),
('Ashley', 'Young', 'Oncology', 15),
('Tyler', 'King', 'Psychiatry', 8),
('Rebecca', 'Wright', 'Dermatology', 12),
('Nathan', 'Lopez', 'General Surgery', 23),
('Hannah', 'Hill', 'Cardiology', 16),
('Adam', 'Scott', 'Internal Medicine', 13),
('Victoria', 'Green', 'Pediatrics', 10),
('Zachary', 'Adams', 'Emergency Medicine', 18),
('Samantha', 'Baker', 'Neurology', 14),
('Cody', 'Gonzalez', 'Orthopedics', 17),
('Olivia', 'Nelson', 'Oncology', 16),
('Dylan', 'Carter', 'Psychiatry', 6),
('Isabella', 'Mitchell', 'Dermatology', 11);

INSERT INTO Nurse (FirstName, LastName) VALUES
('Nic', 'Nevin'),
('John', 'Miller'),
('Patricia', 'Jones'),
('Kevin', 'Taylor'),
('Susan', 'Moore'),
('Brian', 'Jackson'),
('Nancy', 'White'),
('Christopher', 'Harris'),
('Linda', 'Martin'),
('Daniel', 'Clark'),
('Jennifer', 'Adams'),
('Michael', 'Wilson'),
('Lisa', 'Brown'),
('Robert', 'Davis'),
('Amanda', 'Garcia'),
('David', 'Rodriguez'),
('Sarah', 'Martinez'),
('James', 'Anderson'),
('Emily', 'Taylor'),
('Thomas', 'Thomas'),
('Jessica', 'Hernandez'),
('Christopher', 'Moore'),
('Ashley', 'Martin'),
('Matthew', 'Jackson'),
('Nicole', 'Thompson'),
('Andrew', 'White'),
('Stephanie', 'Lopez'),
('Joshua', 'Lee'),
('Megan', 'Gonzalez'),
('Ryan', 'Clark'),
('Lauren', 'Lewis'),
('Brandon', 'Robinson'),
('Rachel', 'Walker'),
('Tyler', 'Perez'),
('Hannah', 'Hall'),
('Zachary', 'Young'),
('Samantha', 'Allen'),
('Cody', 'King'),
('Victoria', 'Wright'),
('Dylan', 'Scott'),
('Isabella', 'Torres'),
('Nathan', 'Nguyen'),
('Olivia', 'Hill'),
('Adam', 'Flores'),
('Rebecca', 'Green'),
('Justin', 'Adams'),
('Megan', 'Nelson'),
('Brandon', 'Baker'),
('Stephanie', 'Rivera'),
('Ryan', 'Campbell'),
('Lauren', 'Mitchell');

INSERT INTO Insurance (InsuranceProvider, PolicyNumber, Deductible, DueDate) VALUES
('Blue Cross Blue Shield', 'BCBS-2024-001', 500.00, '2024-12-31'),
('United Healthcare', 'UHC-2024-002', 750.00, '2024-11-30'),
('Aetna', 'AET-2024-003', 1000.00, '2024-10-31'),
('Cigna', 'CIG-2024-004', 600.00, '2024-09-30'),
('Humana', 'HUM-2024-005', 850.00, '2024-08-31'),
('Kaiser Permanente', 'KP-2024-006', 400.00, '2024-07-31'),
('Anthem', 'ANT-2024-007', 900.00, '2024-06-30'),
('Medicare', 'MED-2024-008', 200.00, '2024-05-31'),
('Medicaid', 'MCD-2024-009', 0.00, '2024-04-30'),
('MetLife', 'MET-2024-010', 1200.00, '2024-03-31'),
('Blue Cross Blue Shield', 'BCBS-2024-011', 650.00, '2024-02-29'),
('United Healthcare', 'UHC-2024-012', 800.00, '2024-01-31'),
('Aetna', 'AET-2024-013', 1100.00, '2024-12-15'),
('Cigna', 'CIG-2024-014', 700.00, '2024-11-15'),
('Humana', 'HUM-2024-015', 950.00, '2024-10-15'),
('Blue Cross Blue Shield', 'BCBS-2024-016', 550.00, '2024-09-15'),
('United Healthcare', 'UHC-2024-017', 900.00, '2024-08-15'),
('Aetna', 'AET-2024-018', 1200.00, '2024-07-15'),
('Cigna', 'CIG-2024-019', 800.00, '2024-06-15'),
('Humana', 'HUM-2024-020', 1050.00, '2024-05-15'),
('Kaiser Permanente', 'KP-2024-021', 450.00, '2024-04-15'),
('Anthem', 'ANT-2024-022', 950.00, '2024-03-15'),
('Medicare', 'MED-2024-023', 250.00, '2024-02-15'),
('Medicaid', 'MCD-2024-024', 0.00, '2024-01-15'),
('MetLife', 'MET-2024-025', 1250.00, '2024-12-15'),
('Blue Cross Blue Shield', 'BCBS-2024-026', 700.00, '2024-11-15'),
('United Healthcare', 'UHC-2024-027', 850.00, '2024-10-15'),
('Aetna', 'AET-2024-028', 1150.00, '2024-09-15'),
('Cigna', 'CIG-2024-029', 750.00, '2024-08-15'),
('Humana', 'HUM-2024-030', 1000.00, '2024-07-15'),
('Kaiser Permanente', 'KP-2024-031', 500.00, '2024-06-15'),
('Anthem', 'ANT-2024-032', 1000.00, '2024-05-15'),
('Medicare', 'MED-2024-033', 300.00, '2024-04-15'),
('Medicaid', 'MCD-2024-034', 0.00, '2024-03-15'),
('MetLife', 'MET-2024-035', 1300.00, '2024-02-15'),
('Blue Cross Blue Shield', 'BCBS-2024-036', 750.00, '2024-01-15'),
('United Healthcare', 'UHC-2024-037', 900.00, '2024-12-15'),
('Aetna', 'AET-2024-038', 1200.00, '2024-11-15'),
('Cigna', 'CIG-2024-039', 800.00, '2024-10-15'),
('Humana', 'HUM-2024-040', 1100.00, '2024-09-15');

INSERT INTO Visits (AdmitReason, AppointmentDate, NextVisitDate) VALUES
('Annual physical examination', '2024-01-15', '2025-01-15'),
('Chest pain and shortness of breath', '2024-02-20', '2024-03-20'),
('Pediatric wellness check', '2024-03-10', '2024-09-10'),
('Emergency - fractured ankle', '2024-03-25', '2024-04-08'),
('Migraine headaches', '2024-04-05', '2024-05-05'),
('Knee replacement surgery consultation', '2024-04-18', '2024-05-02'),
('Chemotherapy treatment', '2024-05-01', '2024-05-15'),
('Depression and anxiety evaluation', '2024-05-10', '2024-05-24'),
('Severe acne treatment', '2024-05-20', '2024-06-20'),
('Appendectomy', '2024-06-01', '2024-06-15'),
('Diabetes management', '2024-06-10', '2024-09-10'),
('Hypertension follow-up', '2024-06-15', '2024-08-15'),
('Pregnancy checkup', '2024-06-20', '2024-07-04'),
('Allergic reaction', '2024-06-25', NULL),
('COVID-19 symptoms', '2024-07-01', '2024-07-15'),
('Routine blood work', '2024-01-20', '2024-07-20'),
('Cardiology consultation', '2024-01-25', '2024-04-25'),
('Dental cleaning', '2024-02-01', '2024-08-01'),
('Vision exam', '2024-02-05', '2024-08-05'),
('Flu shot', '2024-02-10', '2024-10-10'),
('Skin cancer screening', '2024-02-15', '2024-08-15'),
('Mammogram', '2024-02-28', '2024-08-28'),
('Colonoscopy', '2024-03-05', '2029-03-05'),
('Physical therapy', '2024-03-12', '2024-04-12'),
('Occupational therapy', '2024-03-18', '2024-04-18'),
('Speech therapy', '2024-03-22', '2024-05-22'),
('Nutrition consultation', '2024-03-28', '2024-06-28'),
('Sleep study', '2024-04-02', '2024-05-02'),
('Stress test', '2024-04-08', '2024-05-08'),
('Echocardiogram', '2024-04-12', '2024-05-12'),
('MRI scan', '2024-04-16', '2024-05-16'),
('CT scan', '2024-04-22', '2024-05-22'),
('X-ray examination', '2024-04-26', '2024-05-26'),
('Ultrasound', '2024-04-30', '2024-05-30'),
('Biopsy procedure', '2024-05-05', '2024-06-05'),
('Endoscopy', '2024-05-08', '2024-06-08'),
('Colonoscopy', '2024-05-12', '2029-05-12'),
('Cataract surgery', '2024-05-16', '2024-06-16'),
('Hip replacement', '2024-05-20', '2024-08-20'),
('Knee arthroscopy', '2024-05-24', '2024-07-24'),
('Gallbladder removal', '2024-05-28', '2024-07-28'),
('Hernia repair', '2024-06-02', '2024-07-02'),
('Tonsillectomy', '2024-06-06', '2024-07-06'),
('Adenoidectomy', '2024-06-10', '2024-07-10'),
('Cyst removal', '2024-06-14', '2024-07-14'),
('Laser eye surgery', '2024-06-18', '2024-07-18'),
('Root canal', '2024-06-22', '2024-07-22'),
('Crown placement', '2024-06-26', '2024-07-26'),
('Dental implant', '2024-06-30', '2024-08-30'),
('Wisdom tooth extraction', '2024-07-04', '2024-08-04'),
('Bunion surgery', '2024-07-08', '2024-08-08'),
('Carpal tunnel release', '2024-07-12', '2024-08-12'),
('Trigger finger release', '2024-07-16', '2024-08-16'),
('Ganglion cyst removal', '2024-07-20', '2024-08-20'),
('Lipoma removal', '2024-07-24', '2024-08-24'),
('Mole removal', '2024-07-28', '2024-08-28'),
('Wart removal', '2024-08-01', '2024-09-01'),
('Ingrown toenail treatment', '2024-08-05', '2024-09-05'),
('Fungal nail treatment', '2024-08-09', '2024-09-09'),
('Varicose vein treatment', '2024-08-13', '2024-09-13'),
('Hemorrhoid treatment', '2024-08-17', '2024-09-17'),
('Anal fissure treatment', '2024-08-21', '2024-09-21'),
('Pilonidal cyst treatment', '2024-08-25', '2024-09-25'),
('Fistula treatment', '2024-08-29', '2024-09-29'),
('Abscess drainage', '2024-09-02', '2024-10-02'),
('Wound care', '2024-09-06', '2024-10-06'),
('Burn treatment', '2024-09-10', '2024-10-10'),
('Fracture treatment', '2024-09-14', '2024-11-14'),
('Dislocation reduction', '2024-09-18', '2024-10-18'),
('Splint application', '2024-09-22', '2024-10-22'),
('Cast application', '2024-09-26', '2024-11-26'),
('Suture removal', '2024-09-30', '2024-10-30'),
('Staple removal', '2024-10-04', '2024-11-04'),
('Drain removal', '2024-10-08', '2024-11-08'),
('Catheter removal', '2024-10-12', '2024-11-12'),
('IV removal', '2024-10-16', '2024-11-16'),
('Feeding tube removal', '2024-10-20', '2024-11-20'),
('Tracheostomy care', '2024-10-24', '2024-11-24'),
('Ostomy care', '2024-10-28', '2024-11-28'),
('Dialysis treatment', '2024-11-01', '2024-11-03'),
('Chemotherapy session', '2024-11-05', '2024-11-19'),
('Radiation therapy', '2024-11-09', '2024-11-23'),
('Immunotherapy', '2024-11-13', '2024-11-27'),
('Hormone therapy', '2024-11-17', '2024-12-01'),
('Targeted therapy', '2024-11-21', '2024-12-05'),
('Stem cell transplant', '2024-11-25', '2024-12-09'),
('Bone marrow transplant', '2024-11-29', '2024-12-13'),
('Organ transplant evaluation', '2024-12-03', '2024-12-17'),
('Genetic counseling', '2024-12-07', '2024-12-21'),
('Fertility consultation', '2024-12-11', '2024-12-25'),
('Prenatal care', '2024-12-15', '2024-12-29'),
('Postpartum care', '2024-12-19', '2025-01-02'),
('Newborn care', '2024-12-23', '2025-01-06'),
('Pediatric vaccination', '2024-12-27', '2025-01-10'),
('Adolescent health', '2024-12-31', '2025-01-14');

INSERT INTO VitalChart (HeartRate, BloodPressure, RespiratoryRate, Temperature) VALUES
(72, '120/80', 16, 98.6),
(95, '145/95', 20, 99.1),
(85, '110/70', 18, 98.4),
(88, '130/85', 22, 99.8),
(78, '125/82', 17, 98.7),
(70, '118/78', 15, 98.5),
(82, '135/88', 19, 99.0),
(76, '122/80', 16, 98.6),
(68, '115/75', 14, 98.3),
(90, '140/90', 21, 100.2),
(74, '128/84', 17, 98.8),
(92, '150/95', 20, 99.5),
(80, '125/80', 18, 98.6),
(100, '138/92', 24, 101.0),
(86, '132/86', 19, 99.2),
(75, '125/80', 16, 98.5),
(88, '135/85', 19, 99.0),
(82, '128/82', 17, 98.7),
(94, '142/88', 21, 99.3),
(79, '122/78', 16, 98.4),
(87, '138/90', 20, 99.1),
(73, '120/76', 15, 98.3),
(91, '145/92', 22, 99.6),
(77, '125/80', 17, 98.6),
(89, '140/88', 20, 99.2),
(81, '130/84', 18, 98.8),
(93, '148/94', 21, 99.4),
(76, '124/82', 16, 98.5),
(90, '142/90', 20, 99.1),
(84, '132/86', 18, 98.7),
(96, '150/96', 22, 99.7),
(78, '126/80', 17, 98.6),
(92, '144/92', 21, 99.3),
(83, '134/88', 19, 98.9),
(95, '152/98', 23, 99.8),
(75, '123/79', 16, 98.4),
(88, '138/88', 20, 99.0),
(86, '136/87', 19, 98.8),
(97, '154/100', 24, 100.0),
(79, '127/81', 17, 98.5),
(91, '146/93', 21, 99.4),
(85, '135/86', 18, 98.7),
(98, '156/102', 25, 100.1),
(80, '128/82', 17, 98.6),
(93, '148/94', 22, 99.5),
(87, '137/87', 19, 98.8),
(99, '158/104', 26, 100.2),
(81, '129/83', 18, 98.7),
(94, '150/95', 23, 99.6),
(88, '138/88', 20, 98.9),
(100, '160/106', 27, 100.3),
(82, '130/84', 18, 98.8),
(95, '152/96', 24, 99.7),
(89, '139/89', 21, 99.0),
(101, '162/108', 28, 100.4),
(83, '131/85', 19, 98.9),
(96, '154/97', 25, 99.8),
(90, '140/90', 22, 99.1),
(102, '164/110', 29, 100.5),
(84, '132/86', 19, 99.0),
(97, '156/98', 26, 99.9),
(91, '141/91', 23, 99.2),
(103, '166/112', 30, 100.6),
(85, '133/87', 20, 99.1),
(98, '158/99', 27, 100.0),
(92, '142/92', 24, 99.3),
(104, '168/114', 31, 100.7),
(86, '134/88', 20, 99.2),
(99, '160/100', 28, 100.1),
(93, '143/93', 25, 99.4),
(105, '170/116', 32, 100.8),
(87, '135/89', 21, 99.3),
(100, '162/101', 29, 100.2),
(94, '144/94', 26, 99.5),
(106, '172/118', 33, 100.9),
(88, '136/90', 21, 99.4),
(101, '164/102', 30, 100.3),
(95, '145/95', 27, 99.6),
(107, '174/120', 34, 101.0),
(89, '137/91', 22, 99.5),
(102, '166/103', 31, 100.4),
(96, '146/96', 28, 99.7),
(108, '176/122', 35, 101.1),
(90, '138/92', 22, 99.6),
(103, '168/104', 32, 100.5),
(97, '147/97', 29, 99.8),
(109, '178/124', 36, 101.2),
(91, '139/93', 23, 99.7),
(104, '170/105', 33, 100.6),
(98, '148/98', 30, 99.9),
(110, '180/126', 37, 101.3),
(92, '140/94', 23, 99.8),
(105, '172/106', 34, 100.7),
(99, '149/99', 31, 100.0),
(111, '182/128', 38, 101.4),
(93, '141/95', 24, 99.9),
(106, '174/107', 35, 100.8),
(100, '150/100', 32, 100.1),
(112, '184/130', 39, 101.5),
(94, '142/96', 24, 100.0),
(107, '176/108', 36, 100.9),
(101, '151/101', 33, 100.2),
(113, '186/132', 40, 101.6),
(95, '143/97', 25, 100.1),
(108, '178/109', 37, 101.0),
(102, '152/102', 34, 100.3),
(114, '188/134', 41, 101.7),
(96, '144/98', 25, 100.2),
(109, '180/110', 38, 101.1),
(103, '153/103', 35, 100.4),
(115, '190/136', 42, 101.8),
(97, '145/99', 26, 100.3),
(110, '182/111', 39, 101.2),
(104, '154/104', 36, 100.5),
(116, '192/138', 43, 101.9),
(98, '146/100', 26, 100.4),
(111, '184/112', 40, 101.3),
(105, '155/105', 37, 100.6),
(117, '194/140', 44, 102.0),
(99, '147/101', 27, 100.5),
(112, '186/113', 41, 101.4),
(106, '156/106', 38, 100.7),
(118, '196/142', 45, 102.1),
(100, '148/102', 27, 100.6),
(113, '188/114', 42, 101.5),
(107, '157/107', 39, 100.8),
(119, '198/144', 46, 102.2),
(101, '149/103', 28, 100.7),
(114, '190/115', 43, 101.6),
(108, '158/108', 40, 100.9),
(120, '200/146', 47, 102.3);

INSERT INTO `Condition` (Description, Treatment) VALUES
('Healthy - no significant findings', 'Continue regular checkups'),
('Angina pectoris', 'Nitroglycerin, beta blockers, lifestyle modifications'),
('Normal pediatric development', 'Continue routine vaccinations'),
('Fractured lateral malleolus', 'Cast immobilization for 6 weeks, physical therapy'),
('Concussion', 'Rest, avoid further head trauma'),
('Severe osteoarthritis of knee', 'Total knee replacement recommended'),
('Stage II breast cancer', 'Chemotherapy, radiation therapy'),
('Major depressive disorder', 'Antidepressants, cognitive behavioral therapy'),
('Cystic acne', 'Isotretinoin treatment, topical retinoids'),
('Acute appendicitis', 'Laparoscopic appendectomy performed'),
('Type 2 diabetes mellitus', 'Metformin, diet control, exercise'),
('Essential hypertension', 'ACE inhibitors, low sodium diet'),
('Normal pregnancy - 20 weeks', 'Prenatal vitamins, regular monitoring'),
('Anaphylactic reaction', 'Epinephrine, antihistamines, observation'),
('COVID-19 infection - mild', 'Rest, isolation, symptomatic treatment'),
('Asthma', 'Inhaled corticosteroids, bronchodilators, avoid triggers'),
('Chronic obstructive pulmonary disease', 'Bronchodilators, pulmonary rehabilitation, smoking cessation'),
('Congestive heart failure', 'ACE inhibitors, diuretics, beta blockers, salt restriction'),
('Atrial fibrillation', 'Anticoagulation, rate control medications, cardioversion if needed'),
('Coronary artery disease', 'Aspirin, statins, beta blockers, lifestyle modifications'),
('Hyperlipidemia', 'Statins, diet modification, exercise, weight loss'),
('Hypothyroidism', 'Levothyroxine replacement therapy, regular TSH monitoring'),
('Hyperthyroidism', 'Methimazole, radioactive iodine, or surgery'),
('Type 1 diabetes mellitus', 'Insulin therapy, blood glucose monitoring, diet control'),
('Gestational diabetes', 'Diet modification, blood glucose monitoring, insulin if needed'),
('Rheumatoid arthritis', 'DMARDs, biologics, physical therapy, joint protection'),
('Osteoporosis', 'Calcium, vitamin D, bisphosphonates, weight-bearing exercise'),
('Gastroesophageal reflux disease', 'Proton pump inhibitors, lifestyle modifications, diet changes'),
('Peptic ulcer disease', 'Proton pump inhibitors, H2 blockers, antibiotics for H. pylori'),
('Inflammatory bowel disease', 'Anti-inflammatory medications, immunosuppressants, biologics'),
('Chronic kidney disease', 'Blood pressure control, diabetes management, dialysis if needed'),
('Liver cirrhosis', 'Treat underlying cause, avoid alcohol, monitor for complications'),
('Migraine headaches', 'Triptans, preventive medications, lifestyle modifications'),
('Tension headaches', 'Pain relievers, stress management, relaxation techniques'),
('Cluster headaches', 'Oxygen therapy, triptans, preventive medications'),
('Epilepsy', 'Antiepileptic medications, seizure precautions, regular monitoring'),
('Multiple sclerosis', 'Disease-modifying therapies, symptom management, rehabilitation'),
('Parkinson disease', 'Levodopa, dopamine agonists, physical therapy'),
('Alzheimer disease', 'Cholinesterase inhibitors, memantine, supportive care'),
('Anxiety disorder', 'SSRIs, benzodiazepines, cognitive behavioral therapy'),
('Bipolar disorder', 'Mood stabilizers, antipsychotics, psychotherapy'),
('Schizophrenia', 'Antipsychotic medications, psychosocial support, case management'),
('Post-traumatic stress disorder', 'SSRIs, psychotherapy, eye movement desensitization'),
('Obsessive-compulsive disorder', 'SSRIs, cognitive behavioral therapy, exposure therapy'),
('Attention deficit hyperactivity disorder', 'Stimulants, non-stimulants, behavioral therapy'),
('Autism spectrum disorder', 'Behavioral therapy, speech therapy, occupational therapy'),
('Down syndrome', 'Early intervention, regular medical monitoring, supportive care'),
('Cerebral palsy', 'Physical therapy, occupational therapy, speech therapy'),
('Spina bifida', 'Surgical repair, physical therapy, urological management'),
('Cystic fibrosis', 'Airway clearance, bronchodilators, enzyme replacement'),
('Sickle cell anemia', 'Pain management, hydroxyurea, blood transfusions'),
('Hemophilia', 'Factor replacement therapy, prophylactic treatment'),
('Leukemia', 'Chemotherapy, radiation therapy, bone marrow transplant'),
('Lymphoma', 'Chemotherapy, radiation therapy, immunotherapy'),
('Melanoma', 'Surgical excision, immunotherapy, targeted therapy'),
('Basal cell carcinoma', 'Surgical excision, Mohs surgery, radiation therapy'),
('Squamous cell carcinoma', 'Surgical excision, radiation therapy, chemotherapy'),
('Prostate cancer', 'Active surveillance, surgery, radiation therapy, hormone therapy'),
('Breast cancer', 'Surgery, chemotherapy, radiation therapy, hormone therapy'),
('Lung cancer', 'Surgery, chemotherapy, radiation therapy, targeted therapy'),
('Colon cancer', 'Surgery, chemotherapy, radiation therapy'),
('Pancreatic cancer', 'Surgery, chemotherapy, radiation therapy'),
('Ovarian cancer', 'Surgery, chemotherapy, targeted therapy'),
('Cervical cancer', 'Surgery, radiation therapy, chemotherapy'),
('Uterine cancer', 'Surgery, radiation therapy, hormone therapy'),
('Testicular cancer', 'Surgery, chemotherapy, radiation therapy'),
('Bladder cancer', 'Surgery, chemotherapy, immunotherapy'),
('Kidney cancer', 'Surgery, targeted therapy, immunotherapy'),
('Brain tumor', 'Surgery, radiation therapy, chemotherapy'),
('Spinal cord injury', 'Surgery, rehabilitation, supportive care'),
('Traumatic brain injury', 'Surgery if needed, rehabilitation, supportive care'),
('Stroke', 'Thrombolytics if early, rehabilitation, secondary prevention'),
('Transient ischemic attack', 'Secondary prevention, risk factor modification'),
('Deep vein thrombosis', 'Anticoagulation, compression stockings, activity modification'),
('Pulmonary embolism', 'Anticoagulation, thrombolytics if severe, IVC filter'),
('Aortic aneurysm', 'Surgical repair, blood pressure control, smoking cessation'),
('Peripheral artery disease', 'Exercise therapy, medications, surgical intervention'),
('Venous insufficiency', 'Compression therapy, elevation, surgical intervention'),
('Lymphedema', 'Compression therapy, manual lymphatic drainage, exercise'),
('Cellulitis', 'Antibiotics, wound care, elevation'),
('Abscess', 'Incision and drainage, antibiotics, wound care'),
('Gangrene', 'Surgical debridement, antibiotics, amputation if needed'),
('Pressure ulcer', 'Wound care, pressure relief, nutritional support'),
('Diabetic foot ulcer', 'Wound care, offloading, infection control'),
('Burn injury', 'Wound care, fluid resuscitation, surgical intervention'),
('Frostbite', 'Rewarming, wound care, surgical intervention if needed'),
('Heat stroke', 'Cooling measures, fluid resuscitation, supportive care'),
('Hypothermia', 'Rewarming measures, supportive care'),
('Dehydration', 'Fluid replacement, electrolyte correction'),
('Malnutrition', 'Nutritional support, dietary counseling, supplements'),
('Obesity', 'Diet modification, exercise, behavioral therapy, medications'),
('Anorexia nervosa', 'Nutritional rehabilitation, psychotherapy, medications'),
('Bulimia nervosa', 'Nutritional counseling, psychotherapy, medications'),
('Binge eating disorder', 'Cognitive behavioral therapy, medications'),
('Sleep apnea', 'CPAP therapy, weight loss, surgical intervention'),
('Insomnia', 'Sleep hygiene, cognitive behavioral therapy, medications'),
('Narcolepsy', 'Stimulants, antidepressants, lifestyle modifications'),
('Restless legs syndrome', 'Dopamine agonists, iron supplementation'),
('Periodic limb movement disorder', 'Medications, sleep hygiene'),
('Parasomnias', 'Safety measures, medications if severe'),
('Circadian rhythm disorders', 'Light therapy, chronotherapy, medications'),
('Jet lag', 'Light exposure, melatonin, gradual adjustment'),
('Shift work disorder', 'Light therapy, melatonin, sleep scheduling'),
('Delayed sleep phase syndrome', 'Chronotherapy, light therapy'),
('Advanced sleep phase syndrome', 'Light therapy, chronotherapy'),
('Irregular sleep-wake rhythm', 'Sleep scheduling, light therapy'),
('Non-24-hour sleep-wake disorder', 'Melatonin, light therapy'),
('Kleine-Levin syndrome', 'Supportive care, medications if severe'),
('Idiopathic hypersomnia', 'Stimulants, lifestyle modifications'),

INSERT INTO Discharge (DischargeDate, Instructions) VALUES
('2024-01-15', 'Continue healthy lifestyle. Schedule next annual exam.'),
('2024-02-21', 'Take medications as prescribed. Follow up with cardiologist in 1 month.'),
('2024-03-10', 'Continue regular feeding schedule. Return for 9-month checkup.'),
('2024-03-26', 'Keep cast dry. Use crutches. Return in 2 weeks for X-ray.'),
('2024-04-05', 'Take preventive medication daily. Keep headache diary.'),
('2024-04-18', 'Schedule surgery. Begin pre-operative exercises.'),
('2024-05-01', 'Rest between treatments. Monitor for side effects.'),
('2024-05-10', 'Take medication as prescribed. Continue therapy sessions.'),
('2024-05-20', 'Apply medication as directed. Avoid sun exposure.'),
('2024-06-04', 'Rest for 2 weeks. No heavy lifting for 6 weeks.'),
('2024-06-10', 'Monitor blood sugar daily. Follow diabetic diet plan.'),
('2024-06-15', 'Take blood pressure medication daily. Reduce salt intake.'),
('2024-06-20', 'Continue prenatal vitamins. Avoid heavy lifting.'),
('2024-06-25', 'Carry EpiPen. Avoid known allergens. Follow up with allergist.'),
('2024-07-01', 'Isolate for 5 days. Rest and hydrate. Return if symptoms worsen.'),
('2024-01-20', 'Continue asthma medications. Avoid triggers. Use inhaler as needed.'),
('2024-01-25', 'Follow up with cardiologist in 2 weeks. Continue medications.'),
('2024-02-01', 'Schedule next dental cleaning in 6 months. Maintain oral hygiene.'),
('2024-02-05', 'Schedule next eye exam in 1 year. Wear sunglasses outdoors.'),
('2024-02-10', 'Return for flu shot next year. Maintain good hand hygiene.'),
('2024-02-15', 'Schedule next skin check in 6 months. Use sunscreen daily.'),
('2024-02-28', 'Schedule next mammogram in 1 year. Perform monthly self-exams.'),
('2024-03-05', 'Schedule next colonoscopy in 10 years. Maintain healthy diet.'),
('2024-03-12', 'Continue physical therapy exercises at home. Return in 2 weeks.'),
('2024-03-18', 'Continue occupational therapy exercises. Return in 3 weeks.'),
('2024-03-22', 'Continue speech therapy exercises. Return in 1 month.'),
('2024-03-28', 'Follow dietary recommendations. Schedule follow-up in 1 month.'),
('2024-04-02', 'Return for sleep study results in 1 week.'),
('2024-04-08', 'Return for stress test results in 3 days.'),
('2024-04-12', 'Return for echocardiogram results in 1 week.'),
('2024-04-16', 'Return for MRI results in 1 week.'),
('2024-04-22', 'Return for CT scan results in 3 days.'),
('2024-04-26', 'Return for X-ray results in 1 week.'),
('2024-04-30', 'Return for ultrasound results in 1 week.'),
('2024-05-05', 'Return for biopsy results in 1 week.'),
('2024-05-08', 'Return for endoscopy results in 1 week.'),
('2024-05-12', 'Schedule next colonoscopy in 10 years.'),
('2024-05-16', 'Use eye drops as prescribed. Return in 1 week.'),
('2024-05-20', 'Begin physical therapy in 2 weeks. No weight bearing until cleared.'),
('2024-05-24', 'Begin physical therapy in 1 week. Avoid strenuous activity.'),
('2024-05-28', 'Follow low-fat diet. Return in 2 weeks for follow-up.'),
('2024-06-02', 'Avoid heavy lifting for 6 weeks. Return in 2 weeks.'),
('2024-06-06', 'Soft diet for 2 weeks. Return in 1 week.'),
('2024-06-10', 'Soft diet for 2 weeks. Return in 1 week.'),
('2024-06-14', 'Keep incision clean and dry. Return in 1 week.'),
('2024-06-18', 'Use eye drops as prescribed. Return in 1 week.'),
('2024-06-22', 'Avoid chewing on affected side. Return in 2 weeks.'),
('2024-06-26', 'Avoid hard foods. Return in 2 weeks.'),
('2024-06-30', 'Avoid hard foods. Return in 1 month.'),
('2024-07-04', 'Soft diet for 1 week. Return in 2 weeks.'),
('2024-07-08', 'Wear comfortable shoes. Return in 1 month.'),
('2024-07-12', 'Avoid repetitive hand movements. Return in 2 weeks.'),
('2024-07-16', 'Avoid repetitive finger movements. Return in 2 weeks.'),
('2024-07-20', 'Keep incision clean and dry. Return in 1 week.'),
('2024-07-24', 'Keep incision clean and dry. Return in 1 week.'),
('2024-07-28', 'Keep area clean and dry. Return in 1 week.'),
('2024-08-01', 'Keep area clean and dry. Return in 1 week.'),
('2024-08-05', 'Soak foot in warm water. Return in 1 week.'),
('2024-08-09', 'Apply antifungal medication as directed. Return in 2 weeks.'),
('2024-08-13', 'Wear compression stockings. Return in 1 month.'),
('2024-08-17', 'Use prescribed medications. Return in 1 week.'),
('2024-08-21', 'Use prescribed medications. Return in 1 week.'),
('2024-08-25', 'Keep area clean and dry. Return in 1 week.'),
('2024-08-29', 'Keep area clean and dry. Return in 1 week.'),
('2024-09-02', 'Keep incision clean and dry. Return in 1 week.'),
('2024-09-06', 'Change dressing daily. Return in 1 week.'),
('2024-09-10', 'Keep area clean and dry. Return in 1 week.'),
('2024-09-14', 'Follow orthopedic instructions. Return in 2 weeks.'),
('2024-09-18', 'Follow orthopedic instructions. Return in 1 week.'),
('2024-09-22', 'Keep splint clean and dry. Return in 1 week.'),
('2024-09-26', 'Keep cast clean and dry. Return in 2 weeks.'),
('2024-09-30', 'Keep incision clean and dry. Return in 1 week.'),
('2024-10-04', 'Keep incision clean and dry. Return in 1 week.'),
('2024-10-08', 'Keep incision clean and dry. Return in 1 week.'),
('2024-10-12', 'Keep incision clean and dry. Return in 1 week.'),
('2024-10-16', 'Keep IV site clean and dry. Return in 1 week.'),
('2024-10-20', 'Keep feeding tube site clean. Return in 1 week.'),
('2024-10-24', 'Keep tracheostomy site clean. Return in 1 week.'),
('2024-10-28', 'Keep ostomy site clean. Return in 1 week.'),
('2024-11-01', 'Return for next dialysis session tomorrow.'),
('2024-11-05', 'Return for next chemotherapy session in 2 weeks.'),
('2024-11-09', 'Return for next radiation session tomorrow.'),
('2024-11-13', 'Return for next immunotherapy session in 3 weeks.'),
('2024-11-17', 'Return for next hormone therapy session in 1 month.'),
('2024-11-21', 'Return for next targeted therapy session in 2 weeks.'),
('2024-11-25', 'Return for follow-up in 1 month.'),
('2024-11-29', 'Return for follow-up in 1 month.'),
('2024-12-03', 'Return for evaluation results in 2 weeks.'),
('2024-12-07', 'Return for genetic counseling results in 1 month.'),
('2024-12-11', 'Return for fertility consultation in 2 weeks.'),
('2024-12-15', 'Continue prenatal care. Return in 2 weeks.'),
('2024-12-19', 'Continue postpartum care. Return in 6 weeks.'),
('2024-12-23', 'Continue newborn care. Return in 1 week.'),
('2024-12-27', 'Continue pediatric care. Return in 1 month.'),
('2024-12-31', 'Continue adolescent care. Return in 3 months');

INSERT INTO Patient (FirstName, LastName, DOB, Weight, BloodType, PreExisting, InsuranceID, DischargeID, ConditionID, DoctorID, NurseID, VitalID, VisitID) VALUES
('Joe', 'Pesci', '1980-05-15', 145.5, 'O+', FALSE, 11, 10, 5, 2, 1, 1, 5),
('Bob', 'Johnson', '1955-08-22', 182.0, 'A+', TRUE, 12, 2, 2, 1, 2, 2, 2),
('Charlie', 'Williams', '2018-12-10', 42.5, 'B+', FALSE, 3, 3, 3, 3, 3, 3, 3),
('Diana', 'Brown', '1992-03-18', 130.0, 'AB+', FALSE, 13, 4, 4, 6, 4, 4, 4),
('Edward', 'Davis', '1975-11-30', 195.5, 'O-', TRUE, 14, 5, 5, 5, 5, 5, 5),
('Fiona', 'Miller', '1948-07-05', 168.0, 'A-', TRUE, 6, 6, 6, 6, 6, 6, 6),
('George', 'Wilson', '1960-09-12', 210.0, 'B-', TRUE, 7, 7, 7, 7, 7, 7, 7),
('Hannah', 'Moore', '1995-01-25', 125.5, 'AB-', TRUE, 8, 8, 8, 8, 8, 8, 8),
('Ian', 'Taylor', '2000-06-08', 155.0, 'O+', FALSE, 15, 9, 9, 9, 9, 9, 9),
('Julia', 'Anderson', '1988-04-20', 138.5, 'A+', FALSE, 16, 10, 10, 10, 10, 10, 10),
('Kevin', 'Thomas', '1970-02-14', 220.0, 'B+', TRUE, 1, 11, 11, 2, 1, 11, 11),
('Laura', 'Jackson', '1965-10-28', 160.0, 'O-', TRUE, 2, 12, 12, 1, 2, 12, 12),
('Mike', 'White', '1990-12-03', 175.5, 'A-', FALSE, 3, 13, 13, 3, 3, 13, 13),
('Nina', 'Harris', '1985-08-17', 142.0, 'AB+', TRUE, 4, 14, 14, 4, 4, 14, 14),
('Oliver', 'Martin', '1978-05-22', 188.0, 'B-', FALSE, 5, 15, 15, 2, 5, 15, 15),
('Patricia', 'Garcia', '1982-07-14', 165.0, 'A+', FALSE, 17, 16, 16, 3, 6, 16, 16),
('Quentin', 'Rodriguez', '1995-11-08', 180.0, 'B+', TRUE, 18, 17, 17, 4, 7, 17, 17),
('Rachel', 'Martinez', '1973-04-25', 155.0, 'O+', TRUE, 19, 18, 18, 5, 8, 18, 18),
('Samuel', 'Anderson', '1988-09-12', 190.0, 'AB-', FALSE, 20, 19, 19, 6, 9, 19, 19),
('Tina', 'Taylor', '1967-12-30', 170.0, 'A-', TRUE, 21, 20, 20, 7, 10, 20, 20),
('Ulysses', 'Thomas', '1992-06-18', 185.0, 'B-', FALSE, 22, 21, 21, 8, 11, 21, 21),
('Victoria', 'Jackson', '1980-03-22', 140.0, 'O+', TRUE, 23, 22, 22, 9, 12, 22, 22),
('William', 'White', '1975-08-15', 200.0, 'A+', TRUE, 24, 23, 23, 10, 13, 23, 23),
('Xena', 'Harris', '1998-01-28', 135.0, 'AB+', FALSE, 25, 24, 24, 1, 14, 24, 24),
('Yusuf', 'Martin', '1985-10-05', 175.0, 'B+', TRUE, 26, 25, 25, 2, 15, 25, 25),
('Zara', 'Garcia', '1970-12-12', 160.0, 'O-', TRUE, 27, 26, 26, 3, 16, 26, 26),
('Aaron', 'Rodriguez', '1993-05-20', 190.0, 'A-', FALSE, 28, 27, 27, 4, 17, 27, 27),
('Bella', 'Martinez', '1987-07-08', 145.0, 'AB-', TRUE, 29, 28, 28, 5, 18, 28, 28),
('Carlos', 'Anderson', '1978-11-14', 185.0, 'B+', TRUE, 30, 29, 29, 6, 19, 29, 29),
('Diana', 'Taylor', '1991-02-03', 150.0, 'O+', FALSE, 31, 30, 30, 7, 20, 30, 30),
('Eduardo', 'Thomas', '1965-06-25', 195.0, 'A+', TRUE, 32, 31, 31, 8, 21, 31, 31),
('Fatima', 'Jackson', '1989-09-17', 140.0, 'AB+', FALSE, 33, 32, 32, 9, 22, 32, 32),
('Gabriel', 'White', '1972-04-11', 180.0, 'B-', TRUE, 34, 33, 33, 10, 23, 33, 33),
('Hazel', 'Harris', '1996-12-07', 130.0, 'O+', FALSE, 35, 34, 34, 1, 24, 34, 34),
('Isaac', 'Martin', '1983-01-30', 170.0, 'A-', TRUE, 36, 35, 35, 2, 25, 35, 35),
('Jasmine', 'Garcia', '1977-08-22', 155.0, 'AB-', TRUE, 37, 36, 36, 3, 26, 36, 36),
('Kai', 'Rodriguez', '1994-03-15', 185.0, 'B+', FALSE, 38, 37, 37, 4, 27, 37, 37),
('Luna', 'Martinez', '1986-10-28', 145.0, 'O-', TRUE, 39, 38, 38, 5, 28, 38, 38),
('Mateo', 'Anderson', '1971-05-19', 200.0, 'A+', TRUE, 40, 39, 39, 6, 29, 39, 39),
('Nova', 'Taylor', '1999-07-04', 135.0, 'AB+', FALSE, 1, 40, 40, 7, 30, 40, 40);

INSERT INTO Proxy (PatientID, FirstName, LastName, Relationship) VALUES
(1, 'Nina', 'Pesci', 'Daughter'),
(3, 'John', 'Williams', 'Father'),
(6, 'Robert', 'Miller', 'Son'),
(7, 'Lisa', 'Wilson', 'Daughter'),
(8, 'Mark', 'Moore', 'Spouse'),
(4, 'Ryan', 'Moochi', 'Daughter'),
(2, 'Thomas', 'Jefferson', 'spouse'),
(4, 'Nina', 'Pesci', 'Sister'),
(5, 'Micheal', 'Jord', 'Brother'),
(9, 'Willow', 'Hindon', 'Aunt'),
(10, 'Arthur', 'Morely', 'Son'),
(11, 'Maria', 'Thomas', 'Spouse'),
(12, 'Robert', 'Jackson', 'Son'),
(13, 'Sarah', 'White', 'Daughter'),
(14, 'David', 'Harris', 'Brother'),
(15, 'Jennifer', 'Martin', 'Sister'),
(16, 'Michael', 'Garcia', 'Spouse'),
(17, 'Lisa', 'Rodriguez', 'Daughter'),
(18, 'James', 'Martinez', 'Son'),
(19, 'Amanda', 'Anderson', 'Spouse'),
(20, 'Christopher', 'Taylor', 'Son'),
(21, 'Jessica', 'Thomas', 'Daughter'),
(22, 'Matthew', 'Jackson', 'Brother'),
(23, 'Rachel', 'White', 'Sister'),
(24, 'Andrew', 'Harris', 'Father'),
(25, 'Nicole', 'Martin', 'Mother'),
(26, 'Kevin', 'Garcia', 'Spouse'),
(27, 'Stephanie', 'Rodriguez', 'Daughter'),
(28, 'Ryan', 'Martinez', 'Son'),
(29, 'Lauren', 'Anderson', 'Spouse'),
(30, 'Brandon', 'Taylor', 'Brother'),
(31, 'Megan', 'Thomas', 'Sister'),
(32, 'Justin', 'Jackson', 'Son'),
(33, 'Ashley', 'White', 'Daughter'),
(34, 'Tyler', 'Harris', 'Father'),
(35, 'Rebecca', 'Martin', 'Mother'),
(36, 'Nathan', 'Garcia', 'Spouse'),
(37, 'Hannah', 'Rodriguez', 'Daughter'),
(38, 'Adam', 'Martinez', 'Son'),
(39, 'Victoria', 'Anderson', 'Spouse'),
(40, 'Zachary', 'Taylor', 'Brother');

INSERT INTO Medication (PrescriptionName, DosageAmount, DosageUnit, PickUpLocation, RefillsLeft, FrequencyAmount, FrequencyPeriod) VALUES
('Lisinopril', 10, 'mg', 'CVS Pharmacy - Main St', 5, 1, 'daily'),
('Metformin', 500, 'mg', 'Walgreens - Oak Ave', 3, 2, 'daily'),
('Atorvastatin', 20, 'mg', 'Hospital Pharmacy', 6, 1, 'daily'),
('Amoxicillin', 500, 'mg', 'CVS Pharmacy - Main St', 0, 3, 'daily'),
('Ibuprofen', 400, 'mg', 'Rite Aid - Center Blvd', 2, 3, 'daily'),
('Sertraline', 50, 'mg', 'Walgreens - Oak Ave', 4, 1, 'daily'),
('Omeprazole', 20, 'mg', 'Hospital Pharmacy', 5, 1, 'daily'),
('Levothyroxine', 75, 'mcg', 'CVS Pharmacy - Main St', 6, 1, 'daily'),
('Albuterol', 90, 'mcg', 'Walgreens - Oak Ave', 1, 2, 'as needed'),
('Prednisone', 10, 'mg', 'Hospital Pharmacy', 0, 1, 'daily'),
('Metoprolol', 25, 'mg', 'CVS Pharmacy - Main St', 3, 2, 'daily'),
('Gabapentin', 300, 'mg', 'Rite Aid - Center Blvd', 4, 3, 'daily'),
('Insulin Glargine', 10, 'units', 'Hospital Pharmacy', 5, 1, 'daily'),
('Aspirin', 81, 'mg', 'Walgreens - Oak Ave', 6, 1, 'daily'),
('Acetaminophen', 500, 'mg', 'CVS Pharmacy - Main St', 2, 4, 'daily'),
('Warfarin', 5, 'mg', 'Hospital Pharmacy', 8, 1, 'daily'),
('Furosemide', 40, 'mg', 'CVS Pharmacy - Main St', 4, 2, 'daily'),
('Lorazepam', 1, 'mg', 'Walgreens - Oak Ave', 3, 1, 'as needed'),
('Amlodipine', 5, 'mg', 'CVS Pharmacy - Main St', 4, 1, 'daily'),
('Losartan', 50, 'mg', 'Walgreens - Oak Ave', 5, 1, 'daily'),
('Carvedilol', 6.25, 'mg', 'Hospital Pharmacy', 3, 2, 'daily'),
('Diltiazem', 30, 'mg', 'CVS Pharmacy - Main St', 6, 1, 'daily'),
('Verapamil', 80, 'mg', 'Rite Aid - Center Blvd', 4, 3, 'daily'),
('Nifedipine', 30, 'mg', 'Walgreens - Oak Ave', 5, 1, 'daily'),
('Propranolol', 40, 'mg', 'Hospital Pharmacy', 3, 2, 'daily'),
('Atenolol', 25, 'mg', 'CVS Pharmacy - Main St', 6, 1, 'daily'),
('Bisoprolol', 5, 'mg', 'Rite Aid - Center Blvd', 4, 1, 'daily'),
('Nebivolol', 5, 'mg', 'Walgreens - Oak Ave', 5, 1, 'daily'),
('Valsartan', 80, 'mg', 'Hospital Pharmacy', 4, 1, 'daily'),
('Candesartan', 8, 'mg', 'CVS Pharmacy - Main St', 6, 1, 'daily'),
('Irbesartan', 150, 'mg', 'Rite Aid - Center Blvd', 3, 1, 'daily'),
('Olmesartan', 20, 'mg', 'Walgreens - Oak Ave', 5, 1, 'daily'),
('Telmisartan', 40, 'mg', 'Hospital Pharmacy', 4, 1, 'daily'),
('Enalapril', 5, 'mg', 'CVS Pharmacy - Main St', 6, 1, 'daily'),
('Ramipril', 2.5, 'mg', 'Rite Aid - Center Blvd', 3, 1, 'daily'),
('Quinapril', 10, 'mg', 'Walgreens - Oak Ave', 5, 1, 'daily'),
('Perindopril', 4, 'mg', 'Hospital Pharmacy', 4, 1, 'daily'),
('Trandolapril', 1, 'mg', 'CVS Pharmacy - Main St', 6, 1, 'daily'),
('Benazepril', 10, 'mg', 'Rite Aid - Center Blvd', 3, 1, 'daily'),
('Fosinopril', 10, 'mg', 'Walgreens - Oak Ave', 5, 1, 'daily'),
('Moexipril', 7.5, 'mg', 'Hospital Pharmacy', 4, 1, 'daily'),
('Captopril', 12.5, 'mg', 'CVS Pharmacy - Main St', 6, 2, 'daily'),
('Glipizide', 5, 'mg', 'Rite Aid - Center Blvd', 4, 2, 'daily'),
('Glyburide', 2.5, 'mg', 'Walgreens - Oak Ave', 5, 2, 'daily'),
('Glimepiride', 1, 'mg', 'Hospital Pharmacy', 3, 1, 'daily'),
('Repaglinide', 0.5, 'mg', 'CVS Pharmacy - Main St', 6, 3, 'daily'),
('Nateglinide', 60, 'mg', 'Rite Aid - Center Blvd', 4, 3, 'daily'),
('Sitagliptin', 100, 'mg', 'Walgreens - Oak Ave', 5, 1, 'daily'),
('Linagliptin', 5, 'mg', 'Hospital Pharmacy', 4, 1, 'daily'),
('Saxagliptin', 2.5, 'mg', 'CVS Pharmacy - Main St', 6, 1, 'daily'),
('Alogliptin', 25, 'mg', 'Rite Aid - Center Blvd', 3, 1, 'daily'),
('Empagliflozin', 10, 'mg', 'Walgreens - Oak Ave', 5, 1, 'daily'),
('Dapagliflozin', 5, 'mg', 'Hospital Pharmacy', 4, 1, 'daily'),
('Canagliflozin', 100, 'mg', 'CVS Pharmacy - Main St', 6, 1, 'daily'),
('Dulaglutide', 0.75, 'mg', 'Rite Aid - Center Blvd', 3, 1, 'weekly'),
('Liraglutide', 0.6, 'mg', 'Walgreens - Oak Ave', 5, 1, 'daily'),
('Exenatide', 5, 'mcg', 'Hospital Pharmacy', 4, 2, 'daily'),
('Lixisenatide', 10, 'mcg', 'CVS Pharmacy - Main St', 6, 1, 'daily'),
('Semaglutide', 0.25, 'mg', 'Rite Aid - Center Blvd', 3, 1, 'weekly'),
('Pioglitazone', 15, 'mg', 'Walgreens - Oak Ave', 5, 1, 'daily'),
('Rosiglitazone', 2, 'mg', 'Hospital Pharmacy', 4, 2, 'daily'),
('Acarbose', 25, 'mg', 'CVS Pharmacy - Main St', 6, 3, 'daily'),
('Miglitol', 25, 'mg', 'Rite Aid - Center Blvd', 3, 3, 'daily'),
('Colesevelam', 625, 'mg', 'Walgreens - Oak Ave', 5, 3, 'daily'),
('Bromocriptine', 0.8, 'mg', 'Hospital Pharmacy', 4, 1, 'daily'),
('Pramlintide', 15, 'mcg', 'CVS Pharmacy - Main St', 6, 3, 'daily'),
('Insulin Aspart', 8, 'units', 'Rite Aid - Center Blvd', 4, 3, 'daily'),
('Insulin Lispro', 12, 'units', 'Walgreens - Oak Ave', 5, 3, 'daily'),
('Insulin Regular', 15, 'units', 'Hospital Pharmacy', 4, 3, 'daily'),
('Insulin NPH', 20, 'units', 'CVS Pharmacy - Main St', 6, 2, 'daily'),
('Insulin Detemir', 18, 'units', 'Rite Aid - Center Blvd', 3, 1, 'daily'),
('Insulin Degludec', 16, 'units', 'Walgreens - Oak Ave', 5, 1, 'daily'),
('Insulin Isophane', 22, 'units', 'Hospital Pharmacy', 4, 2, 'daily'),
('Insulin Zinc', 24, 'units', 'CVS Pharmacy - Main St', 6, 1, 'daily'),
('Insulin Protamine', 26, 'units', 'Rite Aid - Center Blvd', 3, 1, 'daily');

INSERT INTO Patient_Medications (PatientID, MedicationID, PrescribedDate, EndDate) VALUES
(2, 1, '2024-02-20', '2025-02-20'),
(2, 3, '2024-02-20', '2025-02-20'),
(2, 14, '2024-02-20', NULL),
(4, 5, '2024-03-25', '2024-04-25'),
(5, 12, '2024-04-05', NULL),
(6, 5, '2024-04-18', '2024-05-18'),
(7, 10, '2024-05-01', '2024-05-15'),
(8, 6, '2024-05-10', NULL),
(9, 4, '2024-05-20', '2024-05-30'),
(10, 4, '2024-06-01', '2024-06-11'),
(10, 15, '2024-06-01', '2024-06-15'),
(11, 2, '2024-06-10', NULL),
(11, 13, '2024-06-10', NULL),
(12, 1, '2024-06-15', NULL),
(12, 11, '2024-06-15', NULL),
(14, 10, '2024-06-25', '2024-06-30'),
(15, 15, '2024-07-01', '2024-07-08'),
(1, 16, '2024-07-15', NULL),
(3, 17, '2024-07-20', NULL),
(4, 18, '2024-07-25', NULL),
(16, 19, '2024-01-20', NULL),
(16, 20, '2024-01-20', NULL),
(17, 21, '2024-01-25', '2024-02-25'),
(17, 22, '2024-01-25', NULL),
(18, 23, '2024-02-01', NULL),
(18, 24, '2024-02-01', '2024-03-01'),
(19, 25, '2024-02-05', NULL),
(19, 26, '2024-02-05', NULL),
(20, 27, '2024-02-10', '2024-03-10'),
(20, 28, '2024-02-10', NULL),
(21, 29, '2024-02-15', NULL),
(21, 30, '2024-02-15', '2024-03-15'),
(22, 31, '2024-02-28', NULL),
(22, 32, '2024-02-28', NULL),
(23, 33, '2024-03-05', '2028-03-05'),
(23, 34, '2024-03-05', NULL),
(24, 35, '2024-03-12', '2024-04-12'),
(24, 36, '2024-03-12', NULL),
(25, 37, '2024-03-18', '2024-04-18'),
(25, 38, '2024-03-18', NULL),
(26, 39, '2024-03-22', '2024-04-22'),
(26, 40, '2024-03-22', NULL),
(27, 41, '2024-03-28', '2024-04-28'),
(27, 42, '2024-03-28', NULL),
(28, 43, '2024-04-02', '2024-05-02'),
(28, 44, '2024-04-02', NULL),
(29, 45, '2024-04-08', '2024-05-08'),
(29, 46, '2024-04-08', NULL),
(30, 47, '2024-04-12', '2024-05-12'),
(30, 48, '2024-04-12', NULL),
(31, 49, '2024-04-16', '2024-05-16'),
(31, 50, '2024-04-16', NULL),
(32, 51, '2024-04-22', '2024-05-22'),
(32, 52, '2024-04-22', NULL),
(33, 53, '2024-04-26', '2024-05-26'),
(33, 54, '2024-04-26', NULL),
(34, 55, '2024-04-30', '2024-05-30'),
(34, 56, '2024-04-30', NULL),
(35, 57, '2024-05-05', '2024-06-05'),
(35, 58, '2024-05-05', NULL),
(36, 59, '2024-05-08', '2024-06-08'),
(36, 60, '2024-05-08', NULL),
(37, 61, '2024-05-12', '2029-05-12'),
(37, 62, '2024-05-12', NULL),
(38, 63, '2024-05-16', '2024-06-16'),
(38, 64, '2024-05-16', NULL),
(39, 65, '2024-05-20', '2024-07-20'),
(39, 66, '2024-05-20', NULL),
(40, 67, '2024-05-24', '2024-07-24'),
(40, 68, '2024-05-24', NULL),
(1, 69, '2024-05-28', '2024-07-28'),
(1, 70, '2024-05-28', NULL),
(2, 71, '2024-06-02', '2024-08-02'),
(2, 72, '2024-06-02', NULL),
(3, 73, '2024-06-06', '2024-07-06'),
(3, 74, '2024-06-06', NULL),
(4, 75, '2024-06-10', '2024-07-10'),
(4, 76, '2024-06-10', NULL),
(5, 77, '2024-06-14', '2024-07-14'),
(5, 78, '2024-06-14', NULL),
(6, 79, '2024-06-18', '2024-07-18'),
(6, 80, '2024-06-18', NULL),
(7, 81, '2024-06-22', '2024-07-22'),
(7, 82, '2024-06-22', NULL),
(8, 83, '2024-06-26', '2024-07-26'),
(8, 84, '2024-06-26', NULL),
(9, 85, '2024-06-30', '2024-08-30'),
(9, 86, '2024-06-30', NULL),
(10, 87, '2024-07-04', '2024-08-04'),
(10, 88, '2024-07-04', NULL),
(11, 89, '2024-07-08', '2024-08-08'),
(11, 90, '2024-07-08', NULL),
(12, 91, '2024-07-12', '2024-08-12'),
(12, 92, '2024-07-12', NULL),
(13, 93, '2024-07-16', '2024-08-16'),
(13, 94, '2024-07-16', NULL),
(14, 95, '2024-07-20', '2024-08-20'),
(14, 96, '2024-07-20', NULL),
(15, 97, '2024-07-24', '2024-08-24'),
(15, 98, '2024-07-24', NULL),
(16, 99, '2024-07-28', '2024-08-28'),
(16, 100, '2024-07-28', NULL),
(17, 101, '2024-08-01', '2024-09-01'),
(17, 102, '2024-08-01', NULL),
(18, 103, '2024-08-05', '2024-09-05'),
(18, 104, '2024-08-05', NULL),
(19, 105, '2024-08-09', '2024-09-09'),
(19, 106, '2024-08-09', NULL),
(20, 107, '2024-08-13', '2024-09-13'),
(20, 108, '2024-08-13', NULL),
(21, 109, '2024-08-17', '2024-09-17'),
(21, 110, '2024-08-17', NULL),
(22, 111, '2024-08-21', '2024-09-21'),
(22, 112, '2024-08-21', NULL),
(23, 113, '2024-08-25', '2024-09-25'),
(23, 114, '2024-08-25', NULL),
(24, 115, '2024-08-29', '2024-09-29'),
(24, 116, '2024-08-29', NULL),
(25, 117, '2024-09-02', '2024-10-02'),
(25, 118, '2024-09-02', NULL),
(26, 119, '2024-09-06', '2024-10-06'),
(26, 120, '2024-09-06', NULL),
(27, 121, '2024-09-10', '2024-10-10'),
(27, 122, '2024-09-10', NULL),
(28, 123, '2024-09-14', '2024-11-14'),
(28, 124, '2024-09-14', NULL),
(29, 125, '2024-09-18', '2024-10-18'),
(29, 126, '2024-09-18', NULL),
(30, 127, '2024-09-22', '2024-10-22'),
(30, 128, '2024-09-22', NULL),
(31, 129, '2024-09-26', '2024-11-26'),
(31, 130, '2024-09-26', NULL),
(32, 131, '2024-09-30', '2024-10-30'),
(32, 132, '2024-09-30', NULL),
(33, 133, '2024-10-04', '2024-11-04'),
(33, 134, '2024-10-04', NULL),
(34, 135, '2024-10-08', '2024-11-08'),
(34, 136, '2024-10-08', NULL),
(35, 137, '2024-10-12', '2024-11-12'),
(35, 138, '2024-10-12', NULL),
(36, 139, '2024-10-16', '2024-11-16'),
(36, 140, '2024-10-16', NULL),
(37, 141, '2024-10-20', '2024-11-20'),
(37, 142, '2024-10-20', NULL),
(38, 143, '2024-10-24', '2024-11-24'),
(38, 144, '2024-10-24', NULL),
(39, 145, '2024-10-28', '2024-11-28'),
(39, 146, '2024-10-28', NULL),
(40, 147, '2024-11-01', '2024-12-01'),
(40, 148, '2024-11-01', NULL),
(1, 149, '2024-11-05', '2024-12-05'),
(1, 150, '2024-11-05', NULL),
(2, 151, '2024-11-09', '2024-12-09'),
(2, 152, '2024-11-09', NULL),
(3, 153, '2024-11-13', '2024-12-13'),
(3, 154, '2024-11-13', NULL),
(4, 155, '2024-11-17', '2024-12-17'),
(4, 156, '2024-11-17', NULL),
(5, 157, '2024-11-21', '2024-12-21'),
(5, 158, '2024-11-21', NULL),
(6, 159, '2024-11-25', '2024-12-25'),
(6, 160, '2024-11-25', NULL),
(7, 161, '2024-11-29', '2024-12-29'),
(7, 162, '2024-11-29', NULL),
(8, 163, '2024-12-03', '2025-01-03'),
(8, 164, '2024-12-03', NULL),
(9, 165, '2024-12-07', '2025-01-07'),
(9, 166, '2024-12-07', NULL),
(10, 167, '2024-12-11', '2025-01-11'),
(10, 168, '2024-12-11', NULL),
(11, 169, '2024-12-15', '2025-01-15'),
(11, 170, '2024-12-15', NULL),
(12, 171, '2024-12-19', '2025-01-19'),
(12, 172, '2024-12-19', NULL),
(13, 173, '2024-12-23', '2025-01-23'),
(13, 174, '2024-12-23', NULL),
(14, 175, '2024-12-27', '2025-01-27'),
(14, 176, '2024-12-27', NULL),
(15, 177, '2024-12-31', '2025-01-31'),
(15, 178, '2024-12-31', NULL);

INSERT INTO MessageDetails (Subject, Content, PostedBy, PostedByRole, SenderType, ReadStatus, Priority) VALUES
('Lab Results Ready', 'Your lab results are ready. Everything looks normal.', 2, 'Doctor', 'Doctor', FALSE, 'Normal'),
('Follow-up Appointment', 'Please schedule your follow-up appointment for next month.', 1, 'Nurse', 'Nurse', FALSE, 'Normal'),
('Medication Reminder', 'Remember to take your medication with food.', 3, 'Doctor', 'Doctor', FALSE, 'Normal'),
('X-ray Progress', 'Your X-ray shows good healing progress.', 6, 'Doctor', 'Doctor', FALSE, 'Normal'),
('Medication Effectiveness', 'How are you feeling with the new medication?', 5, 'Doctor', 'Doctor', FALSE, 'Normal'),
('Surgery Schedule', 'Surgery scheduled for May 15th at 8 AM.', 6, 'Nurse', 'Nurse', FALSE, 'Normal'),
('Chemotherapy Appointment', 'Please arrive 30 minutes before your chemotherapy appointment.', 7, 'Nurse', 'Nurse', FALSE, 'Normal'),
('Prescription Sent', 'Your prescription has been sent to the pharmacy.', 8, 'Doctor', 'Doctor', FALSE, 'Normal'),
('Medication Warning', 'Avoid direct sunlight while on this medication.', 9, 'Doctor', 'Doctor', FALSE, 'High'),
('Post-surgery Recovery', 'Post-surgery recovery is going well. Continue rest.', 10, 'Doctor', 'Doctor', FALSE, 'Normal'),
('Cardiology Consultation', 'Cardiology consultation scheduled for next week.', 1, 'Nurse', 'Nurse', FALSE, 'Normal'),
('Internal Medicine Follow-up', 'Internal medicine follow-up required.', 2, 'Nurse', 'Nurse', FALSE, 'Normal'),
('Vaccination Records', 'Pediatric vaccination records updated.', 3, 'Nurse', 'Nurse', FALSE, 'Normal'),
('Emergency Protocol', 'Emergency department protocol review needed.', 4, 'Nurse', 'Nurse', FALSE, 'High'),
('Neurology Consultation', 'Neurology consultation results available.', 5, 'Nurse', 'Nurse', FALSE, 'Normal'),
('Orthopedic Preparation', 'Orthopedic surgery preparation instructions.', 6, 'Nurse', 'Nurse', FALSE, 'Normal'),
('Oncology Treatment', 'Oncology treatment plan updated.', 7, 'Nurse', 'Nurse', FALSE, 'Normal'),
('Psychiatry Session', 'Psychiatry session notes completed.', 8, 'Nurse', 'Nurse', FALSE, 'Normal'),
('Dermatology Biopsy', 'Dermatology biopsy results ready.', 9, 'Nurse', 'Nurse', FALSE, 'Normal'),
('General Surgery Pre-op', 'General surgery pre-op instructions sent.', 10, 'Nurse', 'Nurse', FALSE, 'Normal'),
('Patient Transfer', 'Patient transfer to ICU completed.', 1, 'Doctor', 'Doctor', FALSE, 'High'),
('Medication Reconciliation', 'Medication reconciliation completed.', 2, 'Doctor', 'Doctor', FALSE, 'Normal'),
('Discharge Planning', 'Discharge planning meeting scheduled.', 3, 'Doctor', 'Doctor', FALSE, 'Normal'),
('Family Consultation', 'Family consultation requested.', 4, 'Doctor', 'Doctor', FALSE, 'High'),
('Lab Work', 'Lab work ordered for tomorrow.', 5, 'Doctor', 'Doctor', FALSE, 'Normal'),
('Physical Therapy', 'Physical therapy evaluation completed.', 6, 'Doctor', 'Doctor', FALSE, 'Normal'),
('Chemotherapy Side Effects', 'Chemotherapy side effects documented.', 7, 'Doctor', 'Doctor', FALSE, 'High'),
('Mental Health Assessment', 'Mental health assessment completed.', 8, 'Doctor', 'Doctor', FALSE, 'Normal'),
('Skin Condition', 'Skin condition improved with treatment.', 9, 'Doctor', 'Doctor', FALSE, 'Normal'),
('Surgical Site', 'Surgical site healing well.', 10, 'Doctor', 'Doctor', FALSE, 'Normal'),
('Morning Rounds', 'Morning rounds completed for all patients.', 1, 'Nurse', 'Nurse', FALSE, 'Normal'),
('Medication Administration', 'Medication administration completed.', 2, 'Nurse', 'Nurse', FALSE, 'Normal'),
('Vital Signs', 'Vital signs recorded for all patients.', 3, 'Nurse', 'Nurse', FALSE, 'Normal'),
('Patient Comfort', 'Patient comfort measures implemented.', 4, 'Nurse', 'Nurse', FALSE, 'Normal'),
('Care Plan Updates', 'Care plan updates completed.', 5, 'Nurse', 'Nurse', FALSE, 'Normal'),
('Equipment Maintenance', 'Equipment maintenance scheduled.', 6, 'Nurse', 'Nurse', FALSE, 'Normal'),
('Patient Education', 'Patient education materials distributed.', 7, 'Nurse', 'Nurse', FALSE, 'Normal'),
('Safety Protocols', 'Safety protocols reviewed with team.', 8, 'Nurse', 'Nurse', FALSE, 'Normal'),
('Infection Control', 'Infection control measures implemented.', 9, 'Nurse', 'Nurse', FALSE, 'Normal'),
('Emergency Response', 'Emergency response drill completed.', 10, 'Nurse', 'Nurse', FALSE, 'High'),
('Blood Pressure Check', 'Please monitor your blood pressure daily.', 11, 'Doctor', 'Doctor', FALSE, 'Normal'),
('Diabetes Management', 'Blood sugar monitoring schedule updated.', 12, 'Doctor', 'Doctor', FALSE, 'Normal'),
('Physical Therapy Session', 'Next physical therapy session scheduled.', 13, 'Nurse', 'Nurse', FALSE, 'Normal'),
('Medication Refill', 'Your medication refill is ready at the pharmacy.', 14, 'Nurse', 'Nurse', FALSE, 'Normal'),
('Appointment Reminder', 'Reminder: Your appointment is tomorrow at 2 PM.', 15, 'Nurse', 'Nurse', FALSE, 'Normal'),
('Test Results', 'Your recent test results are available for review.', 16, 'Doctor', 'Doctor', FALSE, 'Normal'),
('Treatment Plan Update', 'Your treatment plan has been updated.', 17, 'Doctor', 'Doctor', FALSE, 'Normal'),
('Follow-up Instructions', 'Please follow these instructions for your recovery.', 18, 'Nurse', 'Nurse', FALSE, 'Normal'),
('Medication Side Effects', 'Report any new side effects immediately.', 19, 'Doctor', 'Doctor', FALSE, 'High'),
('Recovery Progress', 'Your recovery is progressing well.', 20, 'Doctor', 'Doctor', FALSE, 'Normal'),
('Nutrition Consultation', 'Nutrition consultation scheduled for next week.', 21, 'Nurse', 'Nurse', FALSE, 'Normal'),
('Mental Health Support', 'Mental health support resources available.', 22, 'Doctor', 'Doctor', FALSE, 'Normal'),
('Pain Management', 'Pain management plan updated.', 23, 'Doctor', 'Doctor', FALSE, 'Normal'),
('Rehabilitation Schedule', 'Rehabilitation schedule adjusted.', 24, 'Nurse', 'Nurse', FALSE, 'Normal'),
('Family Meeting', 'Family meeting scheduled for care planning.', 25, 'Doctor', 'Doctor', FALSE, 'High'),
('Discharge Instructions', 'Discharge instructions reviewed and signed.', 26, 'Nurse', 'Nurse', FALSE, 'Normal'),
('Home Care Setup', 'Home care services arranged.', 27, 'Nurse', 'Nurse', FALSE, 'Normal'),
('Equipment Training', 'Medical equipment training completed.', 28, 'Nurse', 'Nurse', FALSE, 'Normal'),
('Emergency Contact Update', 'Emergency contact information updated.', 29, 'Nurse', 'Nurse', FALSE, 'Normal'),
('Insurance Verification', 'Insurance benefits verified for treatment.', 30, 'Nurse', 'Nurse', FALSE, 'Normal'),
('Specialist Referral', 'Specialist referral submitted and approved.', 31, 'Doctor', 'Doctor', FALSE, 'Normal'),
('Lab Work Schedule', 'Next lab work scheduled for monitoring.', 32, 'Nurse', 'Nurse', FALSE, 'Normal'),
('Medication Review', 'Medication review completed with pharmacist.', 33, 'Doctor', 'Doctor', FALSE, 'Normal'),
('Care Team Update', 'Care team members updated.', 34, 'Nurse', 'Nurse', FALSE, 'Normal'),
('Patient Education Session', 'Patient education session completed.', 35, 'Nurse', 'Nurse', FALSE, 'Normal'),
('Safety Assessment', 'Home safety assessment completed.', 36, 'Nurse', 'Nurse', FALSE, 'Normal'),
('Transportation Arrangement', 'Transportation arranged for next appointment.', 37, 'Nurse', 'Nurse', FALSE, 'Normal'),
('Interpreter Services', 'Interpreter services arranged for next visit.', 38, 'Nurse', 'Nurse', FALSE, 'Normal'),
('Cultural Care Plan', 'Cultural care preferences documented.', 39, 'Doctor', 'Doctor', FALSE, 'Normal'),
('Spiritual Support', 'Spiritual support services available.', 40, 'Nurse', 'Nurse', FALSE, 'Normal'),
('Palliative Care Discussion', 'Palliative care options discussed.', 41, 'Doctor', 'Doctor', FALSE, 'High'),
('Hospice Referral', 'Hospice care referral submitted.', 42, 'Doctor', 'Doctor', FALSE, 'High'),
('End-of-Life Planning', 'End-of-life care preferences documented.', 43, 'Doctor', 'Doctor', FALSE, 'High'),
('Advance Directive', 'Advance directive completed and filed.', 44, 'Nurse', 'Nurse', FALSE, 'Normal'),
('Power of Attorney', 'Power of attorney documentation completed.', 45, 'Nurse', 'Nurse', FALSE, 'Normal'),
('Living Will', 'Living will preferences documented.', 46, 'Nurse', 'Nurse', FALSE, 'Normal'),
('DNR Order', 'Do Not Resuscitate order reviewed.', 47, 'Doctor', 'Doctor', FALSE, 'High'),
('Comfort Care Plan', 'Comfort care plan implemented.', 48, 'Doctor', 'Doctor', FALSE, 'Normal'),
('Symptom Management', 'Symptom management plan updated.', 49, 'Doctor', 'Doctor', FALSE, 'Normal'),
('Quality of Life Assessment', 'Quality of life assessment completed.', 50, 'Nurse', 'Nurse', FALSE, 'Normal');

INSERT INTO MessagePatients (MessageID, PatientID) VALUES
(1, 1),
(2, 2),
(3, 3),
(4, 4),
(5, 5),
(6, 6),
(7, 7),
(8, 8),
(9, 9),
(10, 10),
(11, 11),
(12, 12),
(13, 13),
(14, 14),
(15, 15),
(16, 16),
(17, 17),
(18, 18),
(19, 19),
(20, 20),
(21, 21),
(22, 22),
(23, 23),
(24, 24),
(25, 25),
(26, 26),
(27, 27),
(28, 28),
(29, 29),
(30, 30),
(31, 31),
(32, 32),
(33, 33),
(34, 34),
(35, 35),
(36, 36),
(37, 37),
(38, 38),
(39, 39),
(40, 40),
(41, 1),
(42, 2),
(43, 3),
(44, 4),
(45, 5),
(46, 6),
(47, 7),
(48, 8),
(49, 9),
(50, 10);

INSERT INTO MessageDoctor (MessageID, DoctorID) VALUES
(2, 1),
(11, 1),
(20, 1),
(1, 2),
(12, 2),
(21, 2),
(3, 3),
(13, 3),
(22, 3),
(4, 4),
(14, 4),
(23, 4),
(5, 5),
(15, 5),
(24, 5),
(6, 6),
(16, 6),
(25, 6),
(7, 7),
(17, 7),
(26, 7),
(8, 8),
(18, 8),
(27, 8),
(9, 9),
(19, 9),
(28, 9),
(10, 10),
(20, 10),
(29, 10),
(30, 11),
(31, 11),
(32, 11),
(33, 12),
(34, 12),
(35, 12),
(36, 13),
(37, 13),
(38, 13),
(39, 14),
(40, 14),
(41, 14),
(42, 15),
(43, 15),
(44, 15),
(45, 16),
(46, 16),
(47, 16),
(48, 17),
(49, 17),
(50, 17),
(16, 18),
(17, 18),
(18, 18),
(19, 19),
(20, 19),
(21, 19),
(22, 20),
(23, 20),
(24, 20),
(25, 21),
(26, 21),
(27, 21),
(28, 22),
(29, 22),
(30, 22),
(31, 23),
(32, 23),
(33, 23),
(34, 24),
(35, 24),
(36, 24),
(37, 25),
(38, 25),
(39, 25),
(40, 26),
(41, 26),
(42, 26),
(43, 27),
(44, 27),
(45, 27),
(46, 28),
(47, 28),
(48, 28),
(49, 29),
(50, 29),
(16, 30),
(17, 30),
(18, 30),
(19, 31),
(20, 31),
(21, 31),
(22, 32),
(23, 32),
(24, 32),
(25, 33),
(26, 33),
(27, 33),
(28, 34),
(29, 34),
(30, 34),
(31, 35),
(32, 35),
(33, 35),
(34, 36),
(35, 36),
(36, 36),
(37, 37),
(38, 37),
(39, 37),
(40, 38),
(41, 38),
(42, 38),
(43, 39),
(44, 39),
(45, 39),
(46, 40),
(47, 40),
(48, 40),
(49, 1),
(50, 2);

INSERT INTO MessageNurse (MessageID, NurseID) VALUES
(1, 1),
(2, 1),
(3, 1),
(4, 2),
(5, 2),
(6, 2),
(7, 3),
(8, 3),
(9, 3),
(10, 4),
(11, 4),
(12, 4),
(13, 5),
(14, 5),
(15, 5),
(16, 6),
(17, 6),
(18, 6),
(19, 7),
(20, 7),
(21, 7),
(22, 8),
(23, 8),
(24, 8),
(25, 9),
(26, 9),
(27, 9),
(28, 10),
(29, 10),
(30, 10),
(31, 11),
(32, 11),
(33, 11),
(34, 12),
(35, 12),
(36, 12),
(37, 13),
(38, 13),
(39, 13),
(40, 14),
(41, 14),
(42, 14),
(43, 15),
(44, 15),
(45, 15),
(46, 16),
(47, 16),
(48, 16),
(49, 17),
(50, 17),
(16, 18),
(17, 18),
(18, 18),
(19, 19),
(20, 19),
(21, 19),
(22, 20),
(23, 20),
(24, 20),
(25, 21),
(26, 21),
(27, 21),
(28, 22),
(29, 22),
(30, 22),
(31, 23),
(32, 23),
(33, 23),
(34, 24),
(35, 24),
(36, 24),
(37, 25),
(38, 25),
(39, 25),
(40, 26),
(41, 26),
(42, 26),
(43, 27),
(44, 27),
(45, 27),
(46, 28),
(47, 28),
(48, 28),
(49, 29),
(50, 29),
(16, 30),
(17, 30),
(18, 30),
(19, 31),
(20, 31),
(21, 31),
(22, 32),
(23, 32),
(24, 32),
(25, 33),
(26, 33),
(27, 33),
(28, 34),
(29, 34),
(30, 34),
(31, 35),
(32, 35),
(33, 35),
(34, 36),
(35, 36),
(36, 36),
(37, 37),
(38, 37),
(39, 37),
(40, 38),
(41, 38),
(42, 38),
(43, 39),
(44, 39),
(45, 39),
(46, 40),
(47, 40),
(48, 40),
(49, 41),
(50, 42);

INSERT INTO AlertDetails (Message, PostedBy, PostedByRole, UrgencyLevel, Protocol) VALUES
('Patient blood pressure critically high: 180/110', 2, 'Nurse', 5, 'Immediate intervention required. Administer antihypertensive medication.'),
('Allergic reaction detected - patient requires immediate attention', 4, 'Nurse', 5, 'Administer epinephrine immediately. Monitor airway.'),
('Post-surgery temperature elevated: 101.5F', 10, 'Nurse', 3, 'Monitor closely. Administer antipyretics if temperature exceeds 102F.'),
('Patient missed scheduled chemotherapy appointment', 7, 'Nurse', 2, 'Contact patient to reschedule. Document reason for absence.'),
('Abnormal lab results: Glucose level 450 mg/dL', 1, 'Nurse', 4, 'Check for ketones. Consider insulin adjustment. Notify endocrinologist.'),
('Patient fall reported in room 205', 4, 'Nurse', 4, 'Assess for injuries. Complete incident report. Order imaging if needed.'),
('Medication interaction warning: Warfarin and Aspirin', 2, 'System', 3, 'Review dosages. Monitor INR closely. Consider alternative therapy.'),
('Critical potassium level: 2.8 mEq/L', 5, 'Nurse', 4, 'Administer potassium supplement. Continuous cardiac monitoring required.'),
('Patient experiencing severe chest pain', 3, 'Nurse', 5, 'Immediate ECG and cardiac enzymes. Notify cardiologist STAT.'),
('Respiratory distress - patient struggling to breathe', 6, 'Nurse', 5, 'Assess airway. Administer oxygen. Prepare for intubation if needed.'),
('Seizure activity reported', 8, 'Nurse', 4, 'Protect airway. Administer anticonvulsants. Monitor vital signs.'),
('Unconscious patient found', 9, 'Nurse', 5, 'Check ABCs. Call code blue. Begin resuscitation if needed.'),
('Severe bleeding from surgical site', 11, 'Nurse', 5, 'Apply direct pressure. Notify surgeon immediately. Prepare for OR.'),
('Patient attempting to leave against medical advice', 12, 'Nurse', 3, 'Assess mental status. Contact security if needed. Document thoroughly.'),
('Medication error detected', 13, 'Nurse', 4, 'Stop medication. Assess patient. Notify physician. Complete incident report.'),
('Equipment malfunction - ventilator alarm', 14, 'Nurse', 4, 'Check patient. Switch to backup equipment. Contact biomedical engineering.'),
('Fire alarm in building', 15, 'Nurse', 5, 'Follow fire protocol. Evacuate if necessary. Account for all patients.'),
('Power outage in ICU', 16, 'Nurse', 4, 'Switch to backup power. Monitor critical equipment. Contact facilities.'),
('Water leak in patient room', 17, 'Nurse', 3, 'Move patient to dry room. Contact maintenance. Document incident.'),
('Elevator malfunction with patient inside', 18, 'Nurse', 4, 'Contact facilities. Reassure patient. Prepare for manual extraction if needed.'),
('Severe weather warning', 19, 'Nurse', 3, 'Secure outdoor equipment. Prepare for power loss. Monitor weather updates.'),
('Chemical spill in lab', 20, 'Nurse', 4, 'Evacuate area. Contact hazmat team. Follow chemical exposure protocol.'),
('Bomb threat received', 21, 'Nurse', 5, 'Follow bomb threat protocol. Evacuate if ordered. Contact law enforcement.'),
('Active shooter reported', 22, 'Nurse', 5, 'Lock down unit. Hide patients. Contact law enforcement immediately.'),
('Gas leak detected', 23, 'Nurse', 4, 'Evacuate area. Contact facilities. Do not use electrical equipment.'),
('Radiation exposure incident', 24, 'Nurse', 4, 'Contain area. Contact radiation safety officer. Follow decontamination protocol.'),
('Biological hazard exposure', 25, 'Nurse', 4, 'Isolate patient. Contact infection control. Follow exposure protocol.'),
('Patient elopement attempt', 26, 'Nurse', 3, 'Contact security. Search premises. Document incident.'),
('Restraint malfunction', 27, 'Nurse', 4, 'Secure patient safely. Check equipment. Document incident.'),
('Bed alarm malfunction', 28, 'Nurse', 3, 'Check patient. Repair or replace alarm. Document incident.'),
('Call light system down', 29, 'Nurse', 3, 'Increase rounding frequency. Use alternative communication methods.'),
('Computer system crash', 30, 'Nurse', 3, 'Use paper documentation. Contact IT. Document all care manually.'),
('Phone system failure', 31, 'Nurse', 3, 'Use alternative communication methods. Contact IT. Document incident.'),
('Internet connectivity lost', 32, 'Nurse', 2, 'Use offline systems. Contact IT. Continue with paper documentation.'),
('Printer malfunction', 33, 'Nurse', 2, 'Use alternative printer. Contact IT. Document incident.'),
('Scanner not working', 34, 'Nurse', 2, 'Use alternative scanner. Contact IT. Document incident.'),
('Fax machine down', 35, 'Nurse', 2, 'Use alternative fax. Contact IT. Document incident.'),
('Copier malfunction', 36, 'Nurse', 2, 'Use alternative copier. Contact IT. Document incident.'),
('Refrigerator temperature alarm', 37, 'Nurse', 3, 'Check temperature. Move medications if needed. Contact maintenance.'),
('Freezer malfunction', 38, 'Nurse', 3, 'Check temperature. Move specimens if needed. Contact maintenance.'),
('Air conditioning failure', 39, 'Nurse', 3, 'Monitor room temperature. Use fans if available. Contact maintenance.'),
('Heating system failure', 40, 'Nurse', 3, 'Monitor room temperature. Use blankets if needed. Contact maintenance.'),
('Plumbing issue - no water', 41, 'Nurse', 3, 'Use bottled water. Contact maintenance. Document incident.'),
('Plumbing issue - toilet overflow', 42, 'Nurse', 3, 'Clean area. Contact maintenance. Document incident.'),
('Plumbing issue - sink clogged', 43, 'Nurse', 2, 'Use alternative sink. Contact maintenance. Document incident.'),
('Plumbing issue - shower not working', 44, 'Nurse', 2, 'Use alternative shower. Contact maintenance. Document incident.'),
('Electrical outlet malfunction', 45, 'Nurse', 3, 'Do not use outlet. Contact maintenance. Document incident.'),
('Light fixture malfunction', 46, 'Nurse', 2, 'Use alternative lighting. Contact maintenance. Document incident.'),
('Window malfunction', 47, 'Nurse', 2, 'Secure window. Contact maintenance. Document incident.'),
('Door lock malfunction', 48, 'Nurse', 3, 'Secure area. Contact maintenance. Document incident.'),
('Security system malfunction', 49, 'Nurse', 3, 'Increase security presence. Contact security. Document incident.'),
('CCTV system down', 50, 'Nurse', 2, 'Increase security rounds. Contact IT. Document incident.');

INSERT INTO AlertsDoctors (AlertID, DoctorID, AcknowledgedTime) VALUES
(1, 1, '2024-02-20 15:35:00'),
(2, 4, '2024-06-25 14:02:00'),
(3, 10, '2024-06-02 22:10:00'),
(4, 7, '2024-05-15 09:30:00'),
(5, 2, '2024-06-10 08:00:00'),
(6, 6, '2024-04-08 03:30:00'),
(7, 1, '2024-02-20 10:15:00'),
(8, 2, '2024-07-01 06:45:00'),
(9, 3, '2024-01-20 12:30:00'),
(10, 6, '2024-01-25 14:15:00'),
(11, 8, '2024-02-01 09:45:00'),
(12, 9, '2024-02-05 16:20:00'),
(13, 11, '2024-02-10 11:10:00'),
(14, 12, '2024-02-15 13:25:00'),
(15, 13, '2024-02-28 10:40:00'),
(16, 14, '2024-03-05 15:30:00'),
(17, 15, '2024-03-12 08:15:00'),
(18, 16, '2024-03-18 12:45:00'),
(19, 17, '2024-03-22 14:20:00'),
(20, 18, '2024-03-28 09:35:00'),
(21, 19, '2024-04-02 16:50:00'),
(22, 20, '2024-04-08 11:25:00'),
(23, 21, '2024-04-12 13:40:00'),
(24, 22, '2024-04-16 10:15:00'),
(25, 23, '2024-04-22 15:55:00'),
(26, 24, '2024-04-26 12:30:00'),
(27, 25, '2024-04-30 14:45:00'),
(28, 26, '2024-05-05 09:20:00'),
(29, 27, '2024-05-08 16:35:00'),
(30, 28, '2024-05-12 11:50:00'),
(31, 29, '2024-05-16 13:15:00'),
(32, 30, '2024-05-20 10:40:00'),
(33, 31, '2024-05-24 15:25:00'),
(34, 32, '2024-05-28 12:10:00'),
(35, 33, '2024-06-02 14:35:00'),
(36, 34, '2024-06-06 09:50:00'),
(37, 35, '2024-06-10 16:15:00'),
(38, 36, '2024-06-14 11:30:00'),
(39, 37, '2024-06-18 13:45:00'),
(40, 38, '2024-06-22 10:20:00'),
(41, 39, '2024-06-26 15:55:00'),
(42, 40, '2024-06-30 12:40:00'),
(43, 1, '2024-07-04 09:15:00'),
(44, 2, '2024-07-08 16:30:00'),
(45, 3, '2024-07-12 11:45:00'),
(46, 4, '2024-07-16 14:20:00'),
(47, 5, '2024-07-20 10:35:00'),
(48, 6, '2024-07-24 15:50:00'),
(49, 7, '2024-07-28 12:25:00'),
(50, 8, '2024-08-01 09:40:00');

INSERT INTO AlertsNurse (AlertID, NurseID, AcknowledgedTime) VALUES
(1, 2, '2024-02-20 15:31:00'),
(2, 4, '2024-06-25 14:01:00'),
(3, 10, '2024-06-02 22:02:00'),
(4, 7, '2024-05-15 09:05:00'),
(5, 1, '2024-06-10 07:50:00'),
(6, 4, '2024-04-08 03:17:00'),
(7, 2, '2024-02-20 10:02:00'),
(8, 5, '2024-07-01 06:32:00'),
(9, 3, '2024-01-20 12:25:00'),
(10, 6, '2024-01-25 14:10:00'),
(11, 8, '2024-02-01 09:40:00'),
(12, 9, '2024-02-05 16:15:00'),
(13, 11, '2024-02-10 11:05:00'),
(14, 12, '2024-02-15 13:20:00'),
(15, 13, '2024-02-28 10:35:00'),
(16, 14, '2024-03-05 15:25:00'),
(17, 15, '2024-03-12 08:10:00'),
(18, 16, '2024-03-18 12:40:00'),
(19, 17, '2024-03-22 14:15:00'),
(20, 18, '2024-03-28 09:30:00'),
(21, 19, '2024-04-02 16:45:00'),
(22, 20, '2024-04-08 11:20:00'),
(23, 21, '2024-04-12 13:35:00'),
(24, 22, '2024-04-16 10:10:00'),
(25, 23, '2024-04-22 15:50:00'),
(26, 24, '2024-04-26 12:25:00'),
(27, 25, '2024-04-30 14:40:00'),
(28, 26, '2024-05-05 09:15:00'),
(29, 27, '2024-05-08 16:30:00'),
(30, 28, '2024-05-12 11:45:00'),
(31, 29, '2024-05-16 13:10:00'),
(32, 30, '2024-05-20 10:35:00'),
(33, 31, '2024-05-24 15:20:00'),
(34, 32, '2024-05-28 12:05:00'),
(35, 33, '2024-06-02 14:30:00'),
(36, 34, '2024-06-06 09:45:00'),
(37, 35, '2024-06-10 16:10:00'),
(38, 36, '2024-06-14 11:25:00'),
(39, 37, '2024-06-18 13:40:00'),
(40, 38, '2024-06-22 10:15:00'),
(41, 39, '2024-06-26 15:50:00'),
(42, 40, '2024-06-30 12:35:00'),
(43, 41, '2024-07-04 09:10:00'),
(44, 42, '2024-07-08 16:25:00'),
(45, 43, '2024-07-12 11:40:00'),
(46, 44, '2024-07-16 14:15:00'),
(47, 45, '2024-07-20 10:30:00'),
(48, 46, '2024-07-24 15:45:00'),
(49, 47, '2024-07-28 12:20:00'),
(50, 48, '2024-08-01 09:35:00');