
DROP DATABASE IF EXISTS vitalflow_database;
CREATE DATABASE IF NOT EXISTS vitalflow_database;
USE vitalflow_database;



CREATE TABLE IF NOT EXISTS Doctor (
    DoctorID INTEGER PRIMARY KEY AUTO_INCREMENT,
    FirstName VARCHAR(50) NOT NULL,
    LastName VARCHAR(50) NOT NULL,
    Specialty VARCHAR(80),
    YearOfExperience INTEGER
);

CREATE TABLE IF NOT EXISTS Nurse (
    NurseID INTEGER PRIMARY KEY AUTO_INCREMENT,
    FirstName VARCHAR(50) NOT NULL,
    LastName VARCHAR(50) NOT NULL
);

CREATE TABLE IF NOT EXISTS Insurance (
    InsuranceID INTEGER PRIMARY KEY AUTO_INCREMENT,
    InsuranceProvider VARCHAR(100) NOT NULL,
    PolicyNumber VARCHAR(50) NOT NULL,
    Deductible DECIMAL(10,2),
    DueDate DATE
);

CREATE TABLE IF NOT EXISTS Visits (
    VisitID INTEGER PRIMARY KEY AUTO_INCREMENT,
    AdmitReason TEXT,
    AppointmentDate DATE NOT NULL,
    NextVisitDate DATE,
    INDEX idx_visit_date (AppointmentDate)
);

CREATE TABLE IF NOT EXISTS VitalChart (
    VitalID INTEGER PRIMARY KEY AUTO_INCREMENT,
    HeartRate INTEGER,
    BloodPressure VARCHAR(20),
    RespiratoryRate INTEGER,
    Temperature DECIMAL(5,2)
);

CREATE TABLE IF NOT EXISTS `Condition` (
    ConditionID INTEGER PRIMARY KEY AUTO_INCREMENT,
    Description TEXT NOT NULL,
    Treatment TEXT
);

CREATE TABLE IF NOT EXISTS Discharge (
    DischargeID INTEGER PRIMARY KEY AUTO_INCREMENT,
    DischargeDate DATE DEFAULT (CURRENT_DATE),
    Instructions TEXT,
    INDEX idx_discharge_date (DischargeDate)
);

CREATE TABLE IF NOT EXISTS Patient (
    PatientID INTEGER PRIMARY KEY AUTO_INCREMENT,
    FirstName VARCHAR(50) NOT NULL,
    LastName VARCHAR(50) NOT NULL,
    DOB DATE NOT NULL,
    Weight DECIMAL(6,2),
    BloodType VARCHAR(10),
    PreExisting BOOLEAN,
    InsuranceID INTEGER,
    DischargeID INTEGER,
    ConditionID INTEGER,
    DoctorID INTEGER,
    NurseID INTEGER,
    VitalID INTEGER,
    VisitID INTEGER,
    FOREIGN KEY (InsuranceID) REFERENCES Insurance(InsuranceID),
    FOREIGN KEY (DischargeID) REFERENCES Discharge(DischargeID),
    FOREIGN KEY (ConditionID) REFERENCES `Condition`(ConditionID),
    FOREIGN KEY (DoctorID) REFERENCES Doctor(DoctorID),
    FOREIGN KEY (NurseID) REFERENCES Nurse(NurseID),
    FOREIGN KEY (VitalID) REFERENCES VitalChart(VitalID),
    FOREIGN KEY (VisitID) REFERENCES Visits(VisitID),
    INDEX idx_patient_doctor (DoctorID),
    INDEX idx_patient_nurse (NurseID),
    INDEX idx_patient_insurance (InsuranceID),
    INDEX idx_patient_discharge (DischargeID),
    INDEX idx_patient_condition (ConditionID),
    INDEX idx_patient_visit (VisitID),
    INDEX idx_patient_vital (VitalID)
);

CREATE TABLE IF NOT EXISTS Proxy (
    ProxyID INTEGER PRIMARY KEY AUTO_INCREMENT,
    PatientID INTEGER NOT NULL,
    FirstName VARCHAR(50) NOT NULL,
    LastName VARCHAR(50) NOT NULL,
    Relationship VARCHAR(50),
    FOREIGN KEY (PatientID) REFERENCES Patient(PatientID) ON DELETE CASCADE,
    INDEX idx_proxy_patient (PatientID)
);

CREATE TABLE IF NOT EXISTS Medication (
    MedicationID INTEGER PRIMARY KEY AUTO_INCREMENT,
    PrescriptionName VARCHAR(100) NOT NULL,
    DosageAmount DECIMAL(10,2),
    DosageUnit VARCHAR(20),
    PickUpLocation VARCHAR(100),
    RefillsLeft INTEGER,
    FrequencyAmount INTEGER,
    FrequencyPeriod VARCHAR(20)
);

CREATE TABLE IF NOT EXISTS Patient_Medications (
    PatientID INTEGER,
    MedicationID INTEGER,
    PrescribedDate DATE DEFAULT (CURRENT_DATE),
    EndDate DATE,
    PRIMARY KEY (PatientID, MedicationID),
    FOREIGN KEY (PatientID) REFERENCES Patient(PatientID) ON DELETE CASCADE,
    FOREIGN KEY (MedicationID) REFERENCES Medication(MedicationID),
    INDEX idx_patient_meds_patient (PatientID),
    INDEX idx_patient_meds_medication (MedicationID),
    INDEX idx_patient_meds_date (PrescribedDate)
);

CREATE TABLE IF NOT EXISTS MessageDetails (
    MessageID INTEGER PRIMARY KEY AUTO_INCREMENT,
    Subject VARCHAR(255) NOT NULL,
    Content TEXT NOT NULL,
    SentTime DATETIME DEFAULT CURRENT_TIMESTAMP,
    PostedBy INTEGER NOT NULL,
    PostedByRole VARCHAR(20),
    SenderType VARCHAR(50),
    ReadStatus BOOLEAN DEFAULT FALSE,
    Priority VARCHAR(20) DEFAULT 'Normal',
    INDEX idx_msg_senttime (SentTime),
    INDEX idx_msg_postedby (PostedBy, PostedByRole)
);

CREATE TABLE IF NOT EXISTS MessagePatients (
    MessageID INTEGER,
    PatientID INTEGER,
    PRIMARY KEY (MessageID, PatientID),
    FOREIGN KEY (MessageID) REFERENCES MessageDetails(MessageID) ON DELETE CASCADE,
    FOREIGN KEY (PatientID) REFERENCES Patient(PatientID) ON DELETE CASCADE,
    INDEX idx_msg_patient (PatientID)
);

CREATE TABLE IF NOT EXISTS MessageDoctor (
    MessageID INTEGER,
    DoctorID INTEGER,
    PRIMARY KEY (MessageID, DoctorID),
    FOREIGN KEY (MessageID) REFERENCES MessageDetails(MessageID) ON DELETE CASCADE,
    FOREIGN KEY (DoctorID) REFERENCES Doctor(DoctorID) ON DELETE CASCADE,
    INDEX idx_msg_doctor (DoctorID)
);

CREATE TABLE IF NOT EXISTS MessageNurse (
    MessageID INTEGER,
    NurseID INTEGER,
    PRIMARY KEY (MessageID, NurseID),
    FOREIGN KEY (MessageID) REFERENCES MessageDetails(MessageID) ON DELETE CASCADE,
    FOREIGN KEY (NurseID) REFERENCES Nurse(NurseID) ON DELETE CASCADE,
    INDEX idx_msg_nurse (NurseID)
);

CREATE TABLE IF NOT EXISTS AlertDetails (
    AlertID INTEGER PRIMARY KEY AUTO_INCREMENT,
    Message TEXT NOT NULL,
    SentTime DATETIME DEFAULT CURRENT_TIMESTAMP,
    PostedBy INTEGER NOT NULL,
    PostedByRole VARCHAR(20),
    UrgencyLevel INTEGER CHECK (UrgencyLevel BETWEEN 1 AND 5),
    Protocol TEXT,
    INDEX idx_alert_senttime (SentTime),
    INDEX idx_alert_urgency (UrgencyLevel),
    INDEX idx_alert_postedby (PostedBy, PostedByRole)
);

CREATE TABLE IF NOT EXISTS AlertsDoctors (
    AlertID INTEGER,
    DoctorID INTEGER,
    AcknowledgedTime DATETIME DEFAULT NULL,
    PRIMARY KEY (AlertID, DoctorID),
    FOREIGN KEY (AlertID) REFERENCES AlertDetails(AlertID) ON DELETE CASCADE,
    FOREIGN KEY (DoctorID) REFERENCES Doctor(DoctorID) ON DELETE CASCADE,
    INDEX idx_alert_doctor (DoctorID),
    INDEX idx_alert_doctor_ack (AcknowledgedTime)
);

CREATE TABLE IF NOT EXISTS AlertsNurse (
    AlertID INTEGER,
    NurseID INTEGER,
    AcknowledgedTime DATETIME DEFAULT NULL,
    PRIMARY KEY (AlertID, NurseID),
    FOREIGN KEY (AlertID) REFERENCES AlertDetails(AlertID) ON DELETE CASCADE,
    FOREIGN KEY (NurseID) REFERENCES Nurse(NurseID) ON DELETE CASCADE,
    INDEX idx_alert_nurse (NurseID),
    INDEX idx_alert_nurse_ack (AcknowledgedTime)
);

-- =====================================================
-- DATA INSERTION
-- =====================================================

-- STRONG ENTITY: Doctor (35 rows)
INSERT INTO Doctor (FirstName, LastName, Specialty, YearOfExperience) VALUES
('Maya', 'Ellison', 'Cardiology', 15),
('Michael', 'Chen', 'Internal Medicine', 12),
('Emily', 'Rodriguez', 'Pediatrics', 8),
('James', 'Williams', 'Emergency Medicine', 20),
('Lisa', 'Anderson', 'Neurology', 10),
('Robert', 'Martinez', 'Orthopedics', 18),
('Jennifer', 'Davis', 'Oncology', 14),
('David', 'Brown', 'Psychiatry', 7),
('Maria', 'Garcia', 'Dermatology', 9),
('Thomas', 'Wilson', 'General Surgery', 22),
('Sarah', 'Johnson', 'Cardiology', 13),
('Christopher', 'Lee', 'Internal Medicine', 16),
('Amanda', 'Taylor', 'Pediatrics', 11),
('Daniel', 'Anderson', 'Emergency Medicine', 19),
('Jessica', 'White', 'Neurology', 12),
('Matthew', 'Thompson', 'Orthopedics', 15),
('Rachel', 'Garcia', 'Oncology', 17),
('Andrew', 'Miller', 'Psychiatry', 9),
('Nicole', 'Davis', 'Dermatology', 14),
('Kevin', 'Wilson', 'General Surgery', 21),
('Stephanie', 'Brown', 'Cardiology', 18),
('Ryan', 'Jones', 'Internal Medicine', 14),
('Lauren', 'Martinez', 'Pediatrics', 13),
('Brandon', 'Clark', 'Emergency Medicine', 16),
('Megan', 'Lewis', 'Neurology', 11),
('Justin', 'Hall', 'Orthopedics', 20),
('Ashley', 'Young', 'Oncology', 15),
('Tyler', 'King', 'Psychiatry', 8),
('Rebecca', 'Wright', 'Dermatology', 12),
('Nathan', 'Lopez', 'General Surgery', 23),
('Hannah', 'Hill', 'Radiology', 16),
('Adam', 'Scott', 'Anesthesiology', 13),
('Victoria', 'Green', 'Pathology', 10),
('Zachary', 'Adams', 'Family Medicine', 18),
('Samantha', 'Baker', 'Rheumatology', 14);

-- STRONG ENTITY: Nurse (32 rows)
INSERT INTO Nurse (FirstName, LastName) VALUES
('Patricia', 'Jones'),
('Kevin', 'Taylor'),
('Susan', 'Moore'),
('Brian', 'Jackson'),
('Nancy', 'White'),
('Christopher', 'Harris'),
('Linda', 'Martin'),
('Daniel', 'Clark'),
('Jennifer', 'Adams'),
('Michael', 'Wilson'),
('Lisa', 'Brown'),
('Robert', 'Davis'),
('Amanda', 'Garcia'),
('David', 'Rodriguez'),
('Sarah', 'Martinez'),
('James', 'Anderson'),
('Emily', 'Taylor'),
('Thomas', 'Thomas'),
('Jessica', 'Hernandez'),
('Mark', 'Moore'),
('Ashley', 'Martin'),
('Matthew', 'Jackson'),
('Nicole', 'Thompson'),
('Andrew', 'White'),
('Stephanie', 'Lopez'),
('Joshua', 'Lee'),
('Megan', 'Gonzalez'),
('Ryan', 'Clark'),
('Lauren', 'Lewis'),
('Brandon', 'Robinson'),
('Rachel', 'Walker'),
('Tyler', 'Perez');

-- STRONG ENTITY: Insurance (40 rows - to support 40 patients)
INSERT INTO Insurance (InsuranceProvider, PolicyNumber, Deductible, DueDate) VALUES
('Blue Cross Blue Shield', 'BCBS-2024-001', 500.00, '2024-12-31'),
('United Healthcare', 'UHC-2024-002', 750.00, '2024-11-30'),
('Aetna', 'AET-2024-003', 1000.00, '2024-10-31'),
('Cigna', 'CIG-2024-004', 600.00, '2024-09-30'),
('Humana', 'HUM-2024-005', 850.00, '2024-08-31'),
('Kaiser Permanente', 'KP-2024-006', 400.00, '2024-07-31'),
('Anthem', 'ANT-2024-007', 900.00, '2024-06-30'),
('Medicare', 'MED-2024-008', 200.00, '2024-05-31'),
('Medicaid', 'MCD-2024-009', 0.00, '2024-04-30'),
('MetLife', 'MET-2024-010', 1200.00, '2024-03-31'),
('Blue Cross Blue Shield', 'BCBS-2024-011', 650.00, '2024-02-29'),
('United Healthcare', 'UHC-2024-012', 800.00, '2024-01-31'),
('Aetna', 'AET-2024-013', 1100.00, '2024-12-15'),
('Cigna', 'CIG-2024-014', 700.00, '2024-11-15'),
('Humana', 'HUM-2024-015', 950.00, '2024-10-15'),
('Blue Cross Blue Shield', 'BCBS-2024-016', 550.00, '2024-09-15'),
('United Healthcare', 'UHC-2024-017', 900.00, '2024-08-15'),
('Aetna', 'AET-2024-018', 1200.00, '2024-07-15'),
('Cigna', 'CIG-2024-019', 800.00, '2024-06-15'),
('Humana', 'HUM-2024-020', 1050.00, '2024-05-15'),
('Kaiser Permanente', 'KP-2024-021', 450.00, '2024-04-15'),
('Anthem', 'ANT-2024-022', 950.00, '2024-03-15'),
('Medicare', 'MED-2024-023', 250.00, '2024-02-15'),
('Medicaid', 'MCD-2024-024', 0.00, '2024-01-15'),
('MetLife', 'MET-2024-025', 1250.00, '2024-12-01'),
('Blue Cross Blue Shield', 'BCBS-2024-026', 700.00, '2024-11-01'),
('United Healthcare', 'UHC-2024-027', 850.00, '2024-10-01'),
('Aetna', 'AET-2024-028', 1150.00, '2024-09-01'),
('Cigna', 'CIG-2024-029', 750.00, '2024-08-01'),
('Humana', 'HUM-2024-030', 1000.00, '2024-07-01'),
('Kaiser Permanente', 'KP-2024-031', 500.00, '2024-06-01'),
('Anthem', 'ANT-2024-032', 1000.00, '2024-05-01'),
('Medicare', 'MED-2024-033', 300.00, '2024-04-01'),
('Medicaid', 'MCD-2024-034', 0.00, '2024-03-01'),
('MetLife', 'MET-2024-035', 1300.00, '2024-02-01'),
('Blue Cross Blue Shield', 'BCBS-2024-036', 750.00, '2024-01-01'),
('United Healthcare', 'UHC-2024-037', 900.00, '2024-12-20'),
('Aetna', 'AET-2024-038', 1200.00, '2024-11-20'),
('Cigna', 'CIG-2024-039', 800.00, '2024-10-20'),
('Humana', 'HUM-2024-040', 1100.00, '2024-09-20');

-- STRONG ENTITY: Medication (35 rows)
INSERT INTO Medication (PrescriptionName, DosageAmount, DosageUnit, PickUpLocation, RefillsLeft, FrequencyAmount, FrequencyPeriod) VALUES
('Lisinopril', 10, 'mg', 'CVS Pharmacy - Main St', 5, 1, 'daily'),
('Metformin', 500, 'mg', 'Walgreens - Oak Ave', 3, 2, 'daily'),
('Atorvastatin', 20, 'mg', 'Hospital Pharmacy', 6, 1, 'daily'),
('Amoxicillin', 500, 'mg', 'CVS Pharmacy - Main St', 0, 3, 'daily'),
('Ibuprofen', 400, 'mg', 'Rite Aid - Center Blvd', 2, 3, 'daily'),
('Sertraline', 50, 'mg', 'Walgreens - Oak Ave', 4, 1, 'daily'),
('Omeprazole', 20, 'mg', 'Hospital Pharmacy', 5, 1, 'daily'),
('Levothyroxine', 75, 'mcg', 'CVS Pharmacy - Main St', 6, 1, 'daily'),
('Albuterol', 90, 'mcg', 'Walgreens - Oak Ave', 1, 2, 'as needed'),
('Prednisone', 10, 'mg', 'Hospital Pharmacy', 0, 1, 'daily'),
('Metoprolol', 25, 'mg', 'CVS Pharmacy - Main St', 3, 2, 'daily'),
('Gabapentin', 300, 'mg', 'Rite Aid - Center Blvd', 4, 3, 'daily'),
('Insulin Glargine', 10, 'units', 'Hospital Pharmacy', 5, 1, 'daily'),
('Aspirin', 81, 'mg', 'Walgreens - Oak Ave', 6, 1, 'daily'),
('Acetaminophen', 500, 'mg', 'CVS Pharmacy - Main St', 2, 4, 'daily'),
('Warfarin', 5, 'mg', 'Hospital Pharmacy', 8, 1, 'daily'),
('Furosemide', 40, 'mg', 'CVS Pharmacy - Main St', 4, 2, 'daily'),
('Lorazepam', 1, 'mg', 'Walgreens - Oak Ave', 3, 1, 'as needed'),
('Amlodipine', 5, 'mg', 'CVS Pharmacy - Main St', 4, 1, 'daily'),
('Losartan', 50, 'mg', 'Walgreens - Oak Ave', 5, 1, 'daily'),
('Carvedilol', 6.25, 'mg', 'Hospital Pharmacy', 3, 2, 'daily'),
('Diltiazem', 30, 'mg', 'CVS Pharmacy - Main St', 6, 1, 'daily'),
('Verapamil', 80, 'mg', 'Rite Aid - Center Blvd', 4, 3, 'daily'),
('Nifedipine', 30, 'mg', 'Walgreens - Oak Ave', 5, 1, 'daily'),
('Propranolol', 40, 'mg', 'Hospital Pharmacy', 3, 2, 'daily'),
('Atenolol', 25, 'mg', 'CVS Pharmacy - Main St', 6, 1, 'daily'),
('Bisoprolol', 5, 'mg', 'Rite Aid - Center Blvd', 4, 1, 'daily'),
('Nebivolol', 5, 'mg', 'Walgreens - Oak Ave', 5, 1, 'daily'),
('Valsartan', 80, 'mg', 'Hospital Pharmacy', 4, 1, 'daily'),
('Candesartan', 8, 'mg', 'CVS Pharmacy - Main St', 6, 1, 'daily'),
('Irbesartan', 150, 'mg', 'Rite Aid - Center Blvd', 3, 1, 'daily'),
('Olmesartan', 20, 'mg', 'Walgreens - Oak Ave', 5, 1, 'daily'),
('Telmisartan', 40, 'mg', 'Hospital Pharmacy', 4, 1, 'daily'),
('Enalapril', 5, 'mg', 'CVS Pharmacy - Main St', 6, 1, 'daily'),
('Ramipril', 2.5, 'mg', 'Rite Aid - Center Blvd', 3, 1, 'daily');

-- WEAK ENTITY: Visits (60 rows)
INSERT INTO Visits (AdmitReason, AppointmentDate, NextVisitDate) VALUES
('Annual physical examination', '2024-01-15', '2025-01-15'),
('Chest pain and shortness of breath', '2024-02-20', '2024-03-20'),
('Pediatric wellness check', '2024-03-10', '2024-09-10'),
('Emergency - fractured ankle', '2024-03-25', '2024-04-08'),
('Migraine headaches', '2024-04-05', '2024-05-05'),
('Knee replacement surgery consultation', '2024-04-18', '2024-05-02'),
('Chemotherapy treatment', '2024-05-01', '2024-05-15'),
('Depression and anxiety evaluation', '2024-05-10', '2024-05-24'),
('Severe acne treatment', '2024-05-20', '2024-06-20'),
('Appendectomy', '2024-06-01', '2024-06-15'),
('Diabetes management', '2024-06-10', '2024-09-10'),
('Hypertension follow-up', '2024-06-15', '2024-08-15'),
('Pregnancy checkup', '2024-06-20', '2024-07-04'),
('Allergic reaction', '2024-06-25', NULL),
('COVID-19 symptoms', '2024-07-01', '2024-07-15'),
('Routine blood work', '2024-01-20', '2024-07-20'),
('Cardiology consultation', '2024-01-25', '2024-04-25'),
('Dental referral', '2024-02-01', '2024-08-01'),
('Vision exam referral', '2024-02-05', '2024-08-05'),
('Flu shot', '2024-02-10', '2024-10-10'),
('Skin cancer screening', '2024-02-15', '2024-08-15'),
('Mammogram referral', '2024-02-28', '2024-08-28'),
('Colonoscopy preparation', '2024-03-05', '2029-03-05'),
('Physical therapy evaluation', '2024-03-12', '2024-04-12'),
('Occupational therapy assessment', '2024-03-18', '2024-04-18'),
('Speech therapy consultation', '2024-03-22', '2024-05-22'),
('Nutrition consultation', '2024-03-28', '2024-06-28'),
('Sleep study evaluation', '2024-04-02', '2024-05-02'),
('Stress test', '2024-04-08', '2024-05-08'),
('Echocardiogram', '2024-04-12', '2024-05-12'),
('MRI scan', '2024-04-16', '2024-05-16'),
('CT scan', '2024-04-22', '2024-05-22'),
('X-ray examination', '2024-04-26', '2024-05-26'),
('Ultrasound', '2024-04-30', '2024-05-30'),
('Biopsy procedure', '2024-05-05', '2024-06-05'),
('Endoscopy', '2024-05-08', '2024-06-08'),
('Colonoscopy', '2024-05-12', '2029-05-12'),
('Cataract surgery consultation', '2024-05-16', '2024-06-16'),
('Hip replacement consultation', '2024-05-20', '2024-08-20'),
('Knee arthroscopy', '2024-05-24', '2024-07-24'),
('Gallbladder consultation', '2024-05-28', '2024-07-28'),
('Hernia repair evaluation', '2024-06-02', '2024-07-02'),
('Tonsillectomy consultation', '2024-06-06', '2024-07-06'),
('Cyst evaluation', '2024-06-14', '2024-07-14'),
('Laser eye surgery consultation', '2024-06-18', '2024-07-18'),
('Root canal referral', '2024-06-22', '2024-07-22'),
('Crown placement referral', '2024-06-26', '2024-07-26'),
('Bunion surgery consultation', '2024-07-08', '2024-08-08'),
('Carpal tunnel evaluation', '2024-07-12', '2024-08-12'),
('Varicose vein treatment', '2024-08-13', '2024-09-13'),
('Wound care follow-up', '2024-09-06', '2024-10-06'),
('Burn treatment', '2024-09-10', '2024-10-10'),
('Fracture treatment', '2024-09-14', '2024-11-14'),
('Dialysis consultation', '2024-11-01', '2024-11-03'),
('Radiation therapy planning', '2024-11-09', '2024-11-23'),
('Immunotherapy consultation', '2024-11-13', '2024-11-27'),
('Hormone therapy evaluation', '2024-11-17', '2024-12-01'),
('Genetic counseling', '2024-12-07', '2024-12-21'),
('Fertility consultation', '2024-12-11', '2024-12-25'),
('Prenatal care', '2024-12-15', '2024-12-29'),
('Postpartum checkup', '2024-12-23', '2025-01-06');

-- WEAK ENTITY: VitalChart (65 rows)
INSERT INTO VitalChart (HeartRate, BloodPressure, RespiratoryRate, Temperature) VALUES
(72, '120/80', 16, 98.6),
(95, '145/95', 20, 99.1),
(85, '110/70', 18, 98.4),
(88, '130/85', 22, 99.8),
(78, '125/82', 17, 98.7),
(70, '118/78', 15, 98.5),
(82, '135/88', 19, 99.0),
(76, '122/80', 16, 98.6),
(68, '115/75', 14, 98.3),
(90, '140/90', 21, 100.2),
(74, '128/84', 17, 98.8),
(92, '150/95', 20, 99.5),
(80, '125/80', 18, 98.6),
(100, '138/92', 24, 101.0),
(86, '132/86', 19, 99.2),
(75, '125/80', 16, 98.5),
(88, '135/85', 19, 99.0),
(82, '128/82', 17, 98.7),
(94, '142/88', 21, 99.3),
(79, '122/78', 16, 98.4),
(87, '138/90', 20, 99.1),
(73, '120/76', 15, 98.3),
(91, '145/92', 22, 99.6),
(77, '125/80', 17, 98.6),
(89, '140/88', 20, 99.2),
(81, '130/84', 18, 98.8),
(93, '148/94', 21, 99.4),
(76, '124/82', 16, 98.5),
(90, '142/90', 20, 99.1),
(84, '132/86', 18, 98.7),
(96, '150/96', 22, 99.7),
(78, '126/80', 17, 98.6),
(92, '144/92', 21, 99.3),
(83, '134/88', 19, 98.9),
(95, '152/98', 23, 99.8),
(75, '123/79', 16, 98.4),
(88, '138/88', 20, 99.0),
(86, '136/87', 19, 98.8),
(71, '119/79', 15, 98.5),
(69, '116/76', 14, 98.4),
(87, '137/89', 19, 98.9),
(73, '121/77', 16, 98.5),
(91, '143/91', 21, 99.2),
(85, '133/85', 18, 98.7),
(79, '127/81', 17, 98.6),
(93, '147/93', 22, 99.5),
(77, '125/79', 16, 98.5),
(89, '139/89', 20, 99.0),
(81, '129/83', 18, 98.7),
(74, '122/78', 16, 98.5),
(96, '149/95', 23, 99.6),
(70, '118/76', 15, 98.4),
(88, '136/88', 19, 98.9),
(82, '130/82', 17, 98.6),
(94, '146/92', 22, 99.4),
(78, '126/80', 17, 98.6),
(90, '140/90', 20, 99.1),
(84, '132/84', 18, 98.7),
(72, '120/78', 16, 98.5),
(86, '134/86', 19, 98.8),
(80, '128/80', 17, 98.6),
(92, '144/92', 21, 99.3),
(76, '124/78', 16, 98.5),
(88, '136/88', 19, 98.9),
(82, '130/82', 18, 98.7);

-- WEAK ENTITY: Condition (55 rows)
INSERT INTO `Condition` (Description, Treatment) VALUES
('Healthy - no significant findings', 'Continue regular checkups'),
('Angina pectoris', 'Nitroglycerin, beta blockers, lifestyle modifications'),
('Normal pediatric development', 'Continue routine vaccinations'),
('Fractured lateral malleolus', 'Cast immobilization for 6 weeks, physical therapy'),
('Chronic migraine', 'Preventive medication, lifestyle triggers management'),
('Severe osteoarthritis of knee', 'Total knee replacement recommended'),
('Stage II breast cancer', 'Chemotherapy, radiation therapy'),
('Major depressive disorder', 'Antidepressants, cognitive behavioral therapy'),
('Cystic acne', 'Isotretinoin treatment, topical retinoids'),
('Acute appendicitis', 'Laparoscopic appendectomy performed'),
('Type 2 diabetes mellitus', 'Metformin, diet control, exercise'),
('Essential hypertension', 'ACE inhibitors, low sodium diet'),
('Normal pregnancy - 20 weeks', 'Prenatal vitamins, regular monitoring'),
('Anaphylactic reaction', 'Epinephrine, antihistamines, observation'),
('COVID-19 infection - mild', 'Rest, isolation, symptomatic treatment'),
('Asthma', 'Inhaled corticosteroids, bronchodilators'),
('COPD', 'Bronchodilators, pulmonary rehabilitation'),
('Congestive heart failure', 'ACE inhibitors, diuretics, beta blockers'),
('Atrial fibrillation', 'Anticoagulation, rate control'),
('Coronary artery disease', 'Aspirin, statins, beta blockers'),
('Hyperlipidemia', 'Statins, diet modification'),
('Hypothyroidism', 'Levothyroxine replacement'),
('Type 1 diabetes', 'Insulin therapy, monitoring'),
('Rheumatoid arthritis', 'DMARDs, biologics'),
('Osteoporosis', 'Calcium, vitamin D, bisphosphonates'),
('GERD', 'Proton pump inhibitors'),
('Peptic ulcer disease', 'H2 blockers, antibiotics'),
('Inflammatory bowel disease', 'Anti-inflammatory medications'),
('Chronic kidney disease', 'Blood pressure control'),
('Liver cirrhosis', 'Treat underlying cause'),
('Migraine headaches', 'Triptans, preventive medications'),
('Epilepsy', 'Antiepileptic medications'),
('Multiple sclerosis', 'Disease-modifying therapies'),
('Parkinson disease', 'Levodopa, dopamine agonists'),
('Anxiety disorder', 'SSRIs, therapy'),
('Bipolar disorder', 'Mood stabilizers'),
('Schizophrenia', 'Antipsychotic medications'),
('PTSD', 'SSRIs, psychotherapy'),
('ADHD', 'Stimulants, behavioral therapy'),
('Autism spectrum disorder', 'Behavioral therapy'),
('Pneumonia', 'Antibiotics, supportive care'),
('UTI', 'Antibiotics, hydration'),
('Cellulitis', 'Antibiotics, wound care'),
('Sepsis', 'IV antibiotics, supportive care'),
('Anemia', 'Iron supplementation'),
('Thrombocytopenia', 'Treat underlying cause'),
('Leukemia', 'Chemotherapy'),
('Lymphoma', 'Chemotherapy, radiation'),
('Melanoma', 'Surgical excision'),
('Prostate cancer', 'Surgery, radiation'),
('Lung cancer', 'Surgery, chemotherapy'),
('Thyroid nodule', 'Monitoring, biopsy'),
('Gallstones', 'Surgery if symptomatic'),
('Pancreatitis', 'NPO, IV fluids'),
('Diverticulitis', 'Antibiotics, diet');

-- WEAK ENTITY: Discharge (60 rows)
INSERT INTO Discharge (DischargeDate, Instructions) VALUES
('2024-01-15', 'Continue healthy lifestyle. Schedule next annual exam.'),
('2024-02-21', 'Take medications as prescribed. Follow up with cardiologist in 1 month.'),
('2024-03-10', 'Continue regular feeding schedule. Return for 9-month checkup.'),
('2024-03-26', 'Keep cast dry. Use crutches. Return in 2 weeks for X-ray.'),
('2024-04-05', 'Take preventive medication daily. Keep headache diary.'),
('2024-04-18', 'Schedule surgery. Begin pre-operative exercises.'),
('2024-05-01', 'Rest between treatments. Monitor for side effects.'),
('2024-05-10', 'Take medication as prescribed. Continue therapy sessions.'),
('2024-05-20', 'Apply medication as directed. Avoid sun exposure.'),
('2024-06-04', 'Rest for 2 weeks. No heavy lifting for 6 weeks.'),
('2024-06-10', 'Monitor blood sugar daily. Follow diabetic diet plan.'),
('2024-06-15', 'Take blood pressure medication daily. Reduce salt intake.'),
('2024-06-20', 'Continue prenatal vitamins. Avoid heavy lifting.'),
('2024-06-25', 'Carry EpiPen. Avoid known allergens.'),
('2024-07-01', 'Isolate for 5 days. Rest and hydrate.'),
('2024-01-20', 'Continue asthma medications. Avoid triggers.'),
('2024-01-25', 'Follow up with cardiologist in 2 weeks.'),
('2024-02-01', 'Schedule next dental cleaning in 6 months.'),
('2024-02-05', 'Schedule next eye exam in 1 year.'),
('2024-02-10', 'Return for flu shot next year.'),
('2024-02-15', 'Schedule next skin check in 6 months.'),
('2024-02-28', 'Schedule next mammogram in 1 year.'),
('2024-03-05', 'Schedule next colonoscopy in 10 years.'),
('2024-03-12', 'Continue PT exercises at home.'),
('2024-03-18', 'Continue OT exercises.'),
('2024-03-22', 'Continue speech exercises.'),
('2024-03-28', 'Follow dietary recommendations.'),
('2024-04-02', 'Return for sleep study results.'),
('2024-04-08', 'Return for stress test results.'),
('2024-04-12', 'Return for echo results.'),
('2024-04-16', 'Return for MRI results.'),
('2024-04-22', 'Return for CT results.'),
('2024-04-26', 'Return for X-ray results.'),
('2024-04-30', 'Return for ultrasound results.'),
('2024-05-05', 'Return for biopsy results.'),
('2024-05-08', 'Return for endoscopy results.'),
('2024-05-16', 'Use eye drops as prescribed.'),
('2024-05-20', 'Begin PT in 2 weeks.'),
('2024-05-24', 'Avoid strenuous activity.'),
('2024-05-28', 'Follow low-fat diet.'),
('2024-06-02', 'Avoid heavy lifting.'),
('2024-06-06', 'Soft diet for 2 weeks.'),
('2024-06-14', 'Keep incision clean.'),
('2024-06-18', 'Use prescribed drops.'),
('2024-06-22', 'Avoid hard foods.'),
('2024-06-26', 'Return in 2 weeks.'),
('2024-07-08', 'Wear proper footwear.'),
('2024-07-12', 'Avoid repetitive motion.'),
('2024-08-13', 'Wear compression stockings.'),
('2024-09-06', 'Change dressing daily.'),
('2024-09-10', 'Keep area clean and dry.'),
('2024-09-14', 'Follow orthopedic instructions.'),
('2024-11-01', 'Return for next session.'),
('2024-11-09', 'Continue radiation schedule.'),
('2024-11-13', 'Monitor for reactions.'),
('2024-11-17', 'Take hormones as directed.'),
('2024-12-07', 'Review genetic results.'),
('2024-12-11', 'Follow fertility plan.'),
('2024-12-15', 'Continue prenatal care.'),
('2024-12-23', 'Follow newborn guidelines.');

-- STRONG ENTITY: Patient (40 rows)
INSERT INTO Patient (FirstName, LastName, DOB, Weight, BloodType, PreExisting, InsuranceID, DischargeID, ConditionID, DoctorID, NurseID, VitalID, VisitID) VALUES
('John', 'Smith', '1980-05-15', 180.5, 'O+', FALSE, 1, 1, 1, 1, 1, 1, 1),
('Mary', 'Johnson', '1975-08-22', 165.0, 'A+', TRUE, 2, 2, 2, 2, 2, 2, 2),
('Robert', 'Williams', '1992-03-18', 190.0, 'B+', FALSE, 3, 3, 3, 3, 3, 3, 3),
('Patricia', 'Brown', '1988-11-30', 145.5, 'AB+', TRUE, 4, 4, 4, 4, 4, 4, 4),
('Michael', 'Davis', '1970-07-05', 195.5, 'O-', TRUE, 5, 5, 5, 5, 5, 5, 5),
('Linda', 'Miller', '1965-09-12', 155.0, 'A-', TRUE, 6, 6, 6, 6, 6, 6, 6),
('William', 'Wilson', '1995-01-25', 175.0, 'B-', FALSE, 7, 7, 7, 7, 7, 7, 7),
('Elizabeth', 'Moore', '2000-06-08', 130.5, 'AB-', FALSE, 8, 8, 8, 8, 8, 8, 8),
('David', 'Taylor', '1985-04-20', 185.5, 'O+', TRUE, 9, 9, 9, 9, 9, 9, 9),
('Barbara', 'Anderson', '1978-10-28', 160.0, 'A+', FALSE, 10, 10, 10, 10, 10, 10, 10),
('Richard', 'Thomas', '1990-12-03', 200.0, 'B+', TRUE, 11, 11, 11, 11, 11, 11, 11),
('Susan', 'Jackson', '1983-08-17', 140.0, 'O-', FALSE, 12, 12, 12, 12, 12, 12, 12),
('Joseph', 'White', '1968-05-22', 210.0, 'A-', TRUE, 13, 13, 13, 13, 13, 13, 13),
('Jessica', 'Harris', '1994-07-14', 125.5, 'AB+', FALSE, 14, 14, 14, 14, 14, 14, 14),
('Charles', 'Martin', '1972-11-08', 188.0, 'B-', TRUE, 15, 15, 15, 15, 15, 15, 15),
('Sarah', 'Garcia', '1987-04-25', 155.0, 'O+', FALSE, 16, 16, 16, 16, 16, 16, 16),
('Thomas', 'Rodriguez', '1991-09-12', 170.0, 'A+', TRUE, 17, 17, 17, 17, 17, 17, 17),
('Margaret', 'Martinez', '1976-12-30', 165.0, 'AB-', FALSE, 18, 18, 18, 18, 18, 18, 18),
('Christopher', 'Anderson', '1982-06-18', 195.0, 'B+', TRUE, 19, 19, 19, 19, 19, 19, 19),
('Lisa', 'Taylor', '1969-03-22', 150.0, 'O-', FALSE, 20, 20, 20, 20, 20, 20, 20),
('Daniel', 'Thomas', '1996-08-15', 180.0, 'A-', TRUE, 21, 21, 21, 21, 21, 21, 21),
('Nancy', 'Jackson', '1984-01-28', 135.0, 'AB+', FALSE, 22, 22, 22, 22, 22, 22, 22),
('Matthew', 'White', '1973-10-05', 175.0, 'B-', TRUE, 23, 23, 23, 23, 23, 23, 23),
('Betty', 'Harris', '1998-12-12', 120.0, 'O+', FALSE, 24, 24, 24, 24, 24, 24, 24),
('Donald', 'Martin', '1979-05-20', 190.0, 'A+', TRUE, 25, 25, 25, 25, 25, 25, 25),
('Dorothy', 'Garcia', '1971-07-08', 160.0, 'B+', FALSE, 26, 26, 26, 26, 26, 26, 26),
('Mark', 'Rodriguez', '1993-11-14', 185.0, 'AB-', TRUE, 27, 27, 27, 27, 27, 27, 27),
('Carol', 'Martinez', '1986-02-03', 145.0, 'O-', FALSE, 28, 28, 28, 28, 28, 28, 28),
('Paul', 'Anderson', '1974-06-25', 200.0, 'A-', TRUE, 29, 29, 29, 29, 29, 29, 29),
('Ashley', 'Taylor', '1989-09-17', 130.0, 'B-', FALSE, 30, 30, 30, 30, 30, 30, 30),
('Steven', 'Thomas', '1981-04-11', 175.0, 'AB+', TRUE, 31, 31, 31, 31, 31, 31, 31),
('Kimberly', 'Jackson', '1997-12-07', 125.0, 'O+', FALSE, 32, 32, 32, 32, 32, 32, 32),
('Andrew', 'White', '1977-01-30', 195.0, 'A+', TRUE, 33, 33, 33, 33, 1, 33, 33),
('Donna', 'Harris', '1992-08-22', 140.0, 'B+', FALSE, 34, 34, 34, 34, 2, 34, 34),
('Joshua', 'Martin', '1966-03-15', 205.0, 'O-', TRUE, 35, 35, 35, 35, 3, 35, 35),
('Emily', 'Garcia', '1999-10-28', 115.0, 'A-', FALSE, 36, 36, 36, 1, 4, 36, 36),
('Kenneth', 'Rodriguez', '1988-05-19', 180.0, 'AB-', TRUE, 37, 37, 37, 2, 5, 37, 37),
('Michelle', 'Martinez', '1975-07-04', 155.0, 'B-', FALSE, 38, 38, 38, 3, 6, 38, 38),
('Brian', 'Wilson', '1983-09-23', 175.0, 'O+', TRUE, 39, 39, 39, 4, 7, 39, 39),
('Amy', 'Davis', '1990-11-11', 140.0, 'A+', FALSE, 40, 40, 40, 5, 8, 40, 40);

-- WEAK ENTITY: Proxy (55 rows)
INSERT INTO Proxy (PatientID, FirstName, LastName, Relationship) VALUES
(1, 'Jane', 'Smith', 'Spouse'),
(1, 'Tom', 'Smith', 'Son'),
(2, 'Robert', 'Johnson', 'Spouse'),
(3, 'Linda', 'Williams', 'Mother'),
(4, 'Michael', 'Brown', 'Spouse'),
(5, 'Jennifer', 'Davis', 'Daughter'),
(6, 'David', 'Miller', 'Son'),
(7, 'Sarah', 'Wilson', 'Spouse'),
(8, 'John', 'Moore', 'Father'),
(9, 'Lisa', 'Taylor', 'Spouse'),
(10, 'James', 'Anderson', 'Spouse'),
(11, 'Maria', 'Thomas', 'Spouse'),
(12, 'Robert', 'Jackson', 'Son'),
(13, 'Sarah', 'White', 'Daughter'),
(14, 'David', 'Harris', 'Brother'),
(15, 'Jennifer', 'Martin', 'Sister'),
(16, 'Michael', 'Garcia', 'Spouse'),
(17, 'Lisa', 'Rodriguez', 'Daughter'),
(18, 'James', 'Martinez', 'Son'),
(19, 'Amanda', 'Anderson', 'Spouse'),
(20, 'Christopher', 'Taylor', 'Son'),
(21, 'Jessica', 'Thomas', 'Daughter'),
(22, 'Matthew', 'Jackson', 'Brother'),
(23, 'Rachel', 'White', 'Sister'),
(24, 'Andrew', 'Harris', 'Father'),
(25, 'Nicole', 'Martin', 'Mother'),
(26, 'Kevin', 'Garcia', 'Spouse'),
(27, 'Stephanie', 'Rodriguez', 'Daughter'),
(28, 'Ryan', 'Martinez', 'Son'),
(29, 'Lauren', 'Anderson', 'Spouse'),
(30, 'Brandon', 'Taylor', 'Brother'),
(31, 'Megan', 'Thomas', 'Sister'),
(32, 'Justin', 'Jackson', 'Son'),
(33, 'Ashley', 'White', 'Daughter'),
(34, 'Tyler', 'Harris', 'Father'),
(35, 'Rebecca', 'Martin', 'Mother'),
(36, 'Nathan', 'Garcia', 'Spouse'),
(37, 'Hannah', 'Rodriguez', 'Daughter'),
(38, 'Adam', 'Martinez', 'Son'),
(39, 'Victoria', 'Wilson', 'Spouse'),
(40, 'Zachary', 'Davis', 'Brother'),
(2, 'Emily', 'Johnson', 'Daughter'),
(5, 'William', 'Davis', 'Son'),
(8, 'Patricia', 'Moore', 'Mother'),
(10, 'Charles', 'Anderson', 'Son'),
(15, 'Dorothy', 'Martin', 'Mother'),
(18, 'Richard', 'Martinez', 'Father'),
(22, 'Barbara', 'Jackson', 'Mother'),
(25, 'Joseph', 'Martin', 'Father'),
(28, 'Susan', 'Martinez', 'Mother'),
(30, 'Daniel', 'Taylor', 'Father'),
(33, 'Elizabeth', 'White', 'Mother'),
(35, 'Thomas', 'Martin', 'Father'),
(37, 'Margaret', 'Rodriguez', 'Mother'),
(39, 'Paul', 'Wilson', 'Father');

-- WEAK ENTITY: MessageDetails (60 rows)
INSERT INTO MessageDetails (Subject, Content, PostedBy, PostedByRole, SenderType, ReadStatus, Priority) VALUES
('Lab Results Ready', 'Your lab results are ready. Everything looks normal.', 1, 'Doctor', 'Doctor', FALSE, 'Normal'),
('Follow-up Appointment', 'Please schedule your follow-up appointment for next month.', 1, 'Nurse', 'Nurse', FALSE, 'Normal'),
('Medication Reminder', 'Remember to take your medication with food.', 2, 'Doctor', 'Doctor', FALSE, 'Normal'),
('X-ray Progress', 'Your X-ray shows good healing progress.', 3, 'Doctor', 'Doctor', FALSE, 'Normal'),
('Medication Effectiveness', 'How are you feeling with the new medication?', 4, 'Doctor', 'Doctor', FALSE, 'Normal'),
('Surgery Schedule', 'Surgery scheduled for May 15th at 8 AM.', 5, 'Nurse', 'Nurse', FALSE, 'High'),
('Chemotherapy Appointment', 'Please arrive 30 minutes before chemotherapy.', 6, 'Nurse', 'Nurse', FALSE, 'High'),
('Prescription Sent', 'Your prescription has been sent to the pharmacy.', 7, 'Doctor', 'Doctor', FALSE, 'Normal'),
('Medication Warning', 'Avoid direct sunlight while on this medication.', 8, 'Doctor', 'Doctor', FALSE, 'High'),
('Post-surgery Recovery', 'Recovery is going well. Continue rest.', 9, 'Doctor', 'Doctor', FALSE, 'Normal'),
('Cardiology Consultation', 'Cardiology consultation scheduled for next week.', 10, 'Nurse', 'Nurse', FALSE, 'Normal'),
('Internal Medicine Follow-up', 'Internal medicine follow-up required.', 11, 'Nurse', 'Nurse', FALSE, 'Normal'),
('Vaccination Records', 'Pediatric vaccination records updated.', 12, 'Nurse', 'Nurse', FALSE, 'Normal'),
('Emergency Protocol', 'Emergency department protocol review needed.', 13, 'Nurse', 'Nurse', FALSE, 'High'),
('Neurology Consultation', 'Neurology consultation results available.', 14, 'Nurse', 'Nurse', FALSE, 'Normal'),
('Orthopedic Preparation', 'Orthopedic surgery preparation instructions.', 15, 'Nurse', 'Nurse', FALSE, 'Normal'),
('Oncology Treatment', 'Oncology treatment plan updated.', 16, 'Nurse', 'Nurse', FALSE, 'High'),
('Psychiatry Session', 'Psychiatry session notes completed.', 17, 'Nurse', 'Nurse', FALSE, 'Normal'),
('Dermatology Biopsy', 'Dermatology biopsy results ready.', 18, 'Nurse', 'Nurse', FALSE, 'Normal'),
('General Surgery Pre-op', 'General surgery pre-op instructions.', 19, 'Nurse', 'Nurse', FALSE, 'Normal'),
('Blood Pressure Check', 'Please monitor your blood pressure daily.', 20, 'Doctor', 'Doctor', FALSE, 'Normal'),
('Diabetes Management', 'Blood sugar monitoring schedule updated.', 21, 'Doctor', 'Doctor', FALSE, 'Normal'),
('Physical Therapy', 'Next PT session scheduled.', 22, 'Nurse', 'Nurse', FALSE, 'Normal'),
('Medication Refill', 'Your medication refill is ready.', 23, 'Nurse', 'Nurse', FALSE, 'Normal'),
('Appointment Reminder', 'Reminder: Appointment tomorrow at 2 PM.', 24, 'Nurse', 'Nurse', FALSE, 'Normal'),
('Test Results', 'Your recent test results are available.', 25, 'Doctor', 'Doctor', FALSE, 'Normal'),
('Treatment Update', 'Your treatment plan has been updated.', 26, 'Doctor', 'Doctor', FALSE, 'Normal'),
('Recovery Instructions', 'Please follow these recovery instructions.', 27, 'Nurse', 'Nurse', FALSE, 'Normal'),
('Side Effects Warning', 'Report any new side effects immediately.', 28, 'Doctor', 'Doctor', FALSE, 'High'),
('Progress Note', 'Your recovery is progressing well.', 29, 'Doctor', 'Doctor', FALSE, 'Normal'),
('Nutrition Consultation', 'Nutrition consultation scheduled.', 30, 'Nurse', 'Nurse', FALSE, 'Normal'),
('Mental Health Support', 'Mental health resources available.', 31, 'Doctor', 'Doctor', FALSE, 'Normal'),
('Pain Management', 'Pain management plan updated.', 32, 'Doctor', 'Doctor', FALSE, 'Normal'),
('Rehabilitation Schedule', 'Rehabilitation schedule adjusted.', 1, 'Nurse', 'Nurse', FALSE, 'Normal'),
('Family Meeting', 'Family meeting scheduled for care planning.', 2, 'Doctor', 'Doctor', FALSE, 'High'),
('Discharge Planning', 'Discharge instructions reviewed.', 3, 'Nurse', 'Nurse', FALSE, 'Normal'),
('Home Care Setup', 'Home care services arranged.', 4, 'Nurse', 'Nurse', FALSE, 'Normal'),
('Equipment Training', 'Medical equipment training completed.', 5, 'Nurse', 'Nurse', FALSE, 'Normal'),
('Emergency Update', 'Emergency contact information updated.', 6, 'Nurse', 'Nurse', FALSE, 'Normal'),
('Insurance Verification', 'Insurance benefits verified.', 7, 'Nurse', 'Nurse', FALSE, 'Normal'),
('Specialist Referral', 'Specialist referral submitted.', 8, 'Doctor', 'Doctor', FALSE, 'Normal'),
('Lab Schedule', 'Next lab work scheduled.', 9, 'Nurse', 'Nurse', FALSE, 'Normal'),
('Medication Review', 'Medication review completed.', 10, 'Doctor', 'Doctor', FALSE, 'Normal'),
('Care Team Update', 'Care team members updated.', 11, 'Nurse', 'Nurse', FALSE, 'Normal'),
('Patient Education', 'Patient education session completed.', 12, 'Nurse', 'Nurse', FALSE, 'Normal'),
('Safety Assessment', 'Home safety assessment completed.', 13, 'Nurse', 'Nurse', FALSE, 'Normal'),
('Transportation', 'Transportation arranged for next visit.', 14, 'Nurse', 'Nurse', FALSE, 'Normal'),
('Interpreter Services', 'Interpreter services arranged.', 15, 'Nurse', 'Nurse', FALSE, 'Normal'),
('Care Preferences', 'Care preferences documented.', 16, 'Doctor', 'Doctor', FALSE, 'Normal'),
('Support Services', 'Support services available.', 17, 'Nurse', 'Nurse', FALSE, 'Normal'),
('Treatment Options', 'Treatment options discussed.', 18, 'Doctor', 'Doctor', FALSE, 'High'),
('Clinical Trial Info', 'Clinical trial information available.', 19, 'Doctor', 'Doctor', FALSE, 'Normal'),
('Second Opinion', 'Second opinion consultation arranged.', 20, 'Doctor', 'Doctor', FALSE, 'Normal'),
('Symptom Tracking', 'Please track symptoms daily.', 21, 'Nurse', 'Nurse', FALSE, 'Normal'),
('Vaccine Schedule', 'Vaccination schedule updated.', 22, 'Nurse', 'Nurse', FALSE, 'Normal'),
('Preventive Care', 'Preventive care reminders.', 23, 'Doctor', 'Doctor', FALSE, 'Normal'),
('Wellness Check', 'Annual wellness check scheduled.', 24, 'Nurse', 'Nurse', FALSE, 'Normal'),
('Health Screening', 'Health screening results available.', 25, 'Doctor', 'Doctor', FALSE, 'Normal'),
('Follow-up Required', 'Please schedule a follow-up visit.', 26, 'Doctor', 'Doctor', FALSE, 'Normal'),
('Urgent Care Note', 'Urgent care visit summary.', 27, 'Doctor', 'Doctor', FALSE, 'High');

-- WEAK ENTITY: AlertDetails (55 rows)
INSERT INTO AlertDetails (Message, PostedBy, PostedByRole, UrgencyLevel, Protocol) VALUES
('Patient blood pressure critically high: 180/110', 1, 'Nurse', 5, 'Immediate intervention required.'),
('Allergic reaction detected', 2, 'Nurse', 5, 'Administer epinephrine immediately.'),
('Post-surgery temperature elevated: 101.5F', 3, 'Nurse', 3, 'Monitor closely.'),
('Patient missed chemotherapy appointment', 4, 'Nurse', 2, 'Contact patient to reschedule.'),
('Abnormal lab results: Glucose 450 mg/dL', 5, 'Nurse', 4, 'Check for ketones.'),
('Patient fall reported in room 205', 6, 'Nurse', 4, 'Assess for injuries.'),
('Medication interaction warning', 7, 'System', 3, 'Review dosages.'),
('Critical potassium level: 2.8 mEq/L', 8, 'Nurse', 4, 'Administer supplement.'),
('Patient experiencing chest pain', 9, 'Nurse', 5, 'Immediate ECG required.'),
('Respiratory distress reported', 10, 'Nurse', 5, 'Assess airway.'),
('Seizure activity reported', 11, 'Nurse', 4, 'Protect airway.'),
('Unconscious patient found', 12, 'Nurse', 5, 'Check ABCs.'),
('Severe bleeding from surgical site', 13, 'Nurse', 5, 'Apply pressure.'),
('Patient leaving AMA', 14, 'Nurse', 3, 'Document thoroughly.'),
('Medication error detected', 15, 'Nurse', 4, 'Stop medication.'),
('Equipment malfunction', 16, 'Nurse', 4, 'Switch to backup.'),
('Fire alarm activated', 17, 'System', 5, 'Follow fire protocol.'),
('Power outage in ICU', 18, 'System', 4, 'Switch to backup power.'),
('Water leak in patient room', 19, 'Nurse', 3, 'Move patient.'),
('Elevator malfunction', 20, 'System', 4, 'Use stairs.'),
('Severe weather warning', 21, 'System', 3, 'Secure equipment.'),
('Chemical spill in lab', 22, 'Nurse', 4, 'Evacuate area.'),
('Security breach', 23, 'System', 5, 'Lock down unit.'),
('Gas leak detected', 24, 'System', 4, 'Evacuate area.'),
('Radiation exposure incident', 25, 'Nurse', 4, 'Contain area.'),
('Biological hazard exposure', 26, 'Nurse', 4, 'Isolate patient.'),
('Patient elopement attempt', 27, 'Nurse', 3, 'Contact security.'),
('Restraint malfunction', 28, 'Nurse', 4, 'Secure patient safely.'),
('Bed alarm malfunction', 29, 'Nurse', 3, 'Check patient.'),
('Call light system down', 30, 'Nurse', 3, 'Increase rounding.'),
('Computer system crash', 31, 'System', 3, 'Use paper documentation.'),
('Phone system failure', 32, 'System', 3, 'Use alternative communication.'),
('Internet connectivity lost', 1, 'System', 2, 'Use offline systems.'),
('Refrigerator temperature alarm', 2, 'Nurse', 3, 'Check temperature.'),
('Freezer malfunction', 3, 'Nurse', 3, 'Move specimens.'),
('Air conditioning failure', 4, 'Nurse', 3, 'Monitor room temperature.'),
('Heating system failure', 5, 'Nurse', 3, 'Use blankets.'),
('Plumbing issue - no water', 6, 'Nurse', 3, 'Use bottled water.'),
('Electrical outlet malfunction', 7, 'Nurse', 3, 'Do not use outlet.'),
('Security system malfunction', 8, 'System', 3, 'Increase security presence.'),
('Patient aggression reported', 9, 'Nurse', 4, 'Call security.'),
('Visitor complaint', 10, 'Nurse', 2, 'Address concerns.'),
('Staff injury reported', 11, 'Nurse', 3, 'Complete incident report.'),
('Suspicious package found', 12, 'System', 5, 'Do not touch, call security.'),
('Patient privacy breach', 13, 'System', 3, 'Report to compliance.'),
('Missing medication', 14, 'Nurse', 4, 'Investigate immediately.'),
('Blood product issue', 15, 'Nurse', 5, 'Stop transfusion.'),
('Infection control breach', 16, 'Nurse', 4, 'Implement isolation.'),
('Emergency code called', 17, 'System', 5, 'Respond immediately.'),
('Capacity issue - ED full', 18, 'System', 3, 'Implement surge protocol.'),
('Supply shortage critical', 19, 'Nurse', 4, 'Contact supply chain.'),
('Documentation error', 20, 'System', 2, 'Correct immediately.'),
('Patient identification error', 21, 'Nurse', 5, 'Verify identity.'),
('Wrong site surgery risk', 22, 'Nurse', 5, 'Stop, verify site.'),
('Patient transfer request', 23, 'Nurse', 3, 'Coordinate with receiving unit.'),
('Discharge planning needed', 24, 'Social Worker', 2, 'Begin discharge assessment.'),
('Family conference requested', 25, 'Doctor', 3, 'Schedule family meeting.'),
('Second opinion requested', 26, 'Patient', 2, 'Contact specialist.'),
('Insurance authorization pending', 27, 'Administrator', 2, 'Follow up with insurance.'),
('Equipment maintenance due', 28, 'Technician', 3, 'Schedule maintenance.'),
('Supply order overdue', 29, 'Nurse', 2, 'Place order immediately.'),
('Documentation audit required', 30, 'Compliance', 2, 'Complete chart review.'),
('Patient satisfaction survey', 31, 'Administrator', 1, 'Distribute survey.'),
('Staff training scheduled', 32, 'Education', 2, 'Confirm attendance.'),
('Quality improvement meeting', 33, 'Manager', 2, 'Prepare agenda.'),
('Safety committee meeting', 34, 'Safety Officer', 2, 'Review incidents.'),
('Infection control rounds', 35, 'Infection Control', 2, 'Complete rounds.'),
('Medication reconciliation', 36, 'Pharmacist', 3, 'Review all medications.'),
('Fall risk assessment', 37, 'Nurse', 3, 'Update fall prevention plan.'),
('Pain management review', 38, 'Doctor', 3, 'Assess pain control.'),
('Nutrition assessment', 39, 'Dietitian', 2, 'Complete nutrition evaluation.'),
('Physical therapy evaluation', 40, 'Therapist', 2, 'Schedule PT consult.'),
('Occupational therapy needed', 41, 'Therapist', 2, 'Schedule OT consult.'),
('Speech therapy referral', 42, 'Therapist', 2, 'Schedule ST consult.'),
('Social work consult', 43, 'Social Worker', 2, 'Assess social needs.'),
('Chaplain visit requested', 44, 'Chaplain', 2, 'Visit patient.'),
('Interpreter needed', 45, 'Administrator', 3, 'Arrange interpreter.'),
('Transportation arranged', 46, 'Case Manager', 2, 'Confirm transport.'),
('Home health referral', 47, 'Case Manager', 2, 'Process referral.'),
('Durable medical equipment', 48, 'Case Manager', 2, 'Order equipment.'),
('Hospice referral', 49, 'Case Manager', 3, 'Process hospice referral.'),
('Palliative care consult', 50, 'Palliative Team', 3, 'Schedule consult.'),
('Ethics committee consult', 51, 'Ethics Committee', 3, 'Review case.'),
('Legal consult needed', 52, 'Legal Department', 3, 'Contact legal team.'),
('Risk management review', 53, 'Risk Management', 3, 'Review incident.'),
('Compliance audit', 54, 'Compliance', 2, 'Complete audit.'),
('Accreditation survey prep', 55, 'Quality', 2, 'Prepare for survey.'),
('Emergency preparedness drill', 56, 'Safety Officer', 3, 'Conduct drill.'),
('Fire safety inspection', 57, 'Safety Officer', 2, 'Complete inspection.'),
('Security assessment', 58, 'Security', 2, 'Review security measures.'),
('Environmental services', 59, 'Housekeeping', 2, 'Clean room.'),
('Maintenance request', 60, 'Maintenance', 2, 'Complete repair.'),
('IT support needed', 61, 'IT Department', 2, 'Resolve technical issue.'),
('Phone system issue', 62, 'IT Department', 2, 'Fix phone problem.'),
('Computer network down', 63, 'IT Department', 4, 'Restore connectivity.'),
('Electronic health record issue', 64, 'IT Department', 3, 'Resolve EHR problem.'),
('Lab system malfunction', 65, 'IT Department', 3, 'Fix lab system.'),
('Radiology system down', 66, 'IT Department', 3, 'Restore radiology system.'),
('Pharmacy system issue', 67, 'IT Department', 3, 'Fix pharmacy system.'),
('Billing system problem', 68, 'IT Department', 2, 'Resolve billing issue.'),
('Scheduling system down', 69, 'IT Department', 3, 'Restore scheduling.'),
('Patient portal issue', 70, 'IT Department', 2, 'Fix patient portal.'),
('Mobile device problem', 71, 'IT Department', 2, 'Resolve mobile issue.'),
('Printer malfunction', 72, 'IT Department', 2, 'Fix printer.'),
('Scanner not working', 73, 'IT Department', 2, 'Repair scanner.'),
('Fax machine down', 74, 'IT Department', 2, 'Fix fax machine.'),
('Copier malfunction', 75, 'IT Department', 2, 'Repair copier.'),
('Projector not working', 76, 'IT Department', 2, 'Fix projector.'),
('Audio system issue', 77, 'IT Department', 2, 'Resolve audio problem.'),
('Video system problem', 78, 'IT Department', 2, 'Fix video system.'),
('Lighting system malfunction', 79, 'Maintenance', 2, 'Fix lighting.'),
('HVAC system issue', 80, 'Maintenance', 3, 'Repair HVAC.'),
('Plumbing emergency', 81, 'Maintenance', 4, 'Fix plumbing issue.'),
('Electrical problem', 82, 'Maintenance', 4, 'Resolve electrical issue.'),
('Structural damage', 83, 'Maintenance', 4, 'Assess damage.'),
('Roof leak', 84, 'Maintenance', 3, 'Fix roof leak.'),
('Window malfunction', 85, 'Maintenance', 2, 'Repair window.'),
('Door lock issue', 86, 'Maintenance', 3, 'Fix door lock.'),
('Elevator malfunction', 87, 'Maintenance', 4, 'Repair elevator.'),
('Stairwell lighting', 88, 'Maintenance', 2, 'Fix stairwell lights.'),
('Parking lot issue', 89, 'Maintenance', 2, 'Resolve parking problem.'),
('Landscaping needed', 90, 'Maintenance', 1, 'Maintain grounds.'),
('Waste disposal issue', 91, 'Maintenance', 3, 'Fix waste system.'),
('Recycling system', 92, 'Maintenance', 2, 'Maintain recycling.'),
('Medical gas system', 93, 'Maintenance', 4, 'Check gas system.'),
('Vacuum system problem', 94, 'Maintenance', 3, 'Fix vacuum system.'),
('Compressed air issue', 95, 'Maintenance', 3, 'Resolve air system.'),
('Steam system malfunction', 96, 'Maintenance', 3, 'Fix steam system.'),
('Water system problem', 97, 'Maintenance', 4, 'Resolve water issue.'),
('Sewage system issue', 98, 'Maintenance', 4, 'Fix sewage system.'),
('Storm drain problem', 99, 'Maintenance', 3, 'Clear storm drain.'),
('Irrigation system', 100, 'Maintenance', 2, 'Maintain irrigation.'),
('Fire suppression system', 101, 'Maintenance', 4, 'Check fire system.'),
('Sprinkler system issue', 102, 'Maintenance', 3, 'Fix sprinklers.'),
('Fire alarm system', 103, 'Maintenance', 4, 'Test fire alarms.'),
('Smoke detector problem', 104, 'Maintenance', 3, 'Fix smoke detector.'),
('Carbon monoxide detector', 105, 'Maintenance', 3, 'Check CO detector.'),
('Emergency lighting', 106, 'Maintenance', 3, 'Test emergency lights.'),
('Exit sign malfunction', 107, 'Maintenance', 2, 'Fix exit signs.'),
('Emergency generator', 108, 'Maintenance', 4, 'Test generator.'),
('Backup power system', 109, 'Maintenance', 3, 'Check backup power.'),
('UPS system issue', 110, 'Maintenance', 3, 'Fix UPS system.'),
('Battery backup problem', 111, 'Maintenance', 3, 'Replace batteries.'),
('Solar panel system', 112, 'Maintenance', 2, 'Maintain solar panels.'),
('Wind turbine system', 113, 'Maintenance', 2, 'Maintain wind system.'),
('Geothermal system', 114, 'Maintenance', 2, 'Maintain geothermal.'),
('Biomass system issue', 115, 'Maintenance', 2, 'Fix biomass system.'),
('Hydroelectric system', 116, 'Maintenance', 2, 'Maintain hydro system.'),
('Nuclear power system', 117, 'Maintenance', 4, 'Check nuclear system.'),
('Fossil fuel system', 118, 'Maintenance', 3, 'Maintain fuel system.'),
('Renewable energy system', 119, 'Maintenance', 2, 'Maintain renewable.'),
('Energy storage system', 120, 'Maintenance', 2, 'Maintain storage.'),
('Smart grid system', 121, 'Maintenance', 2, 'Maintain smart grid.'),
('Microgrid system', 122, 'Maintenance', 2, 'Maintain microgrid.'),
('Distributed generation', 123, 'Maintenance', 2, 'Maintain generation.'),
('Energy efficiency audit', 124, 'Maintenance', 2, 'Complete audit.'),
('Sustainability initiative', 125, 'Administrator', 2, 'Implement program.'),
('Green building certification', 126, 'Administrator', 2, 'Maintain certification.'),
('LEED certification', 127, 'Administrator', 2, 'Maintain LEED.'),
('Energy Star rating', 128, 'Administrator', 2, 'Maintain rating.'),
('Carbon footprint reduction', 129, 'Administrator', 2, 'Reduce emissions.'),
('Climate action plan', 130, 'Administrator', 2, 'Implement plan.');

-- =====================================================
-- BRIDGE TABLES (125+ rows each)
-- =====================================================

-- BRIDGE TABLE: Patient_Medications (140 rows)
-- Realistic prescription patterns with multiple medications per patient
INSERT INTO Patient_Medications (PatientID, MedicationID, PrescribedDate, EndDate) VALUES
-- Patient 1 medications
(1, 1, '2024-01-15', NULL),
(1, 14, '2024-01-15', NULL),
(1, 19, '2024-03-15', NULL),
-- Patient 2 medications  
(2, 2, '2024-02-20', NULL),
(2, 3, '2024-02-20', NULL),
(2, 11, '2024-02-20', NULL),
(2, 14, '2024-02-20', NULL),
-- Patient 3 medications
(3, 15, '2024-03-10', '2024-03-20'),
-- Patient 4 medications
(4, 1, '2024-03-25', NULL),
(4, 5, '2024-03-25', '2024-04-25'),
(4, 15, '2024-03-25', '2024-04-05'),
-- Patient 5 medications
(5, 2, '2024-04-05', NULL),
(5, 6, '2024-04-05', NULL),
(5, 12, '2024-04-05', NULL),
(5, 16, '2024-04-05', NULL),
-- Patient 6 medications
(6, 7, '2024-04-18', NULL),
(6, 8, '2024-04-18', NULL),
(6, 14, '2024-04-18', NULL),
(6, 17, '2024-04-18', NULL),
-- Patient 7 medications
(7, 10, '2024-05-01', '2024-05-15'),
(7, 15, '2024-05-01', '2024-05-15'),
-- Patient 8 medications
(8, 6, '2024-05-10', NULL),
(8, 18, '2024-05-10', '2024-06-10'),
-- Patient 9 medications
(9, 1, '2024-05-20', NULL),
(9, 2, '2024-05-20', NULL),
(9, 3, '2024-05-20', NULL),
(9, 4, '2024-05-20', '2024-05-30'),
-- Patient 10 medications
(10, 4, '2024-06-01', '2024-06-11'),
(10, 15, '2024-06-01', '2024-06-15'),
-- Patient 11 medications
(11, 2, '2024-06-10', NULL),
(11, 11, '2024-06-10', NULL),
(11, 13, '2024-06-10', NULL),
(11, 14, '2024-06-10', NULL),
(11, 20, '2024-06-10', NULL),
-- Patient 12 medications
(12, 1, '2024-06-15', NULL),
(12, 11, '2024-06-15', NULL),
-- Patient 13 medications
(13, 7, '2024-06-20', NULL),
(13, 8, '2024-06-20', NULL),
(13, 16, '2024-06-20', NULL),
(13, 21, '2024-06-20', NULL),
-- Patient 14 medications
(14, 9, '2024-06-25', '2024-07-25'),
(14, 10, '2024-06-25', '2024-06-30'),
(14, 18, '2024-06-25', '2024-07-25'),
-- Patient 15 medications
(15, 1, '2024-07-01', NULL),
(15, 3, '2024-07-01', NULL),
(15, 11, '2024-07-01', NULL),
(15, 15, '2024-07-01', '2024-07-08'),
(15, 22, '2024-07-01', NULL),
-- Patient 16 medications
(16, 16, '2024-07-15', NULL),
(16, 17, '2024-07-15', NULL),
-- Patient 17 medications
(17, 2, '2024-07-20', NULL),
(17, 13, '2024-07-20', NULL),
(17, 19, '2024-07-20', NULL),
(17, 20, '2024-07-20', NULL),
(17, 23, '2024-07-20', NULL),
-- Patient 18 medications
(18, 21, '2024-07-25', NULL),
(18, 24, '2024-07-25', NULL),
-- Patient 19 medications
(19, 1, '2024-08-01', NULL),
(19, 11, '2024-08-01', NULL),
(19, 22, '2024-08-01', NULL),
(19, 23, '2024-08-01', NULL),
(19, 25, '2024-08-01', NULL),
-- Patient 20 medications
(20, 8, '2024-08-05', NULL),
(20, 24, '2024-08-05', NULL),
-- Patient 21 medications
(21, 2, '2024-08-10', NULL),
(21, 13, '2024-08-10', NULL),
(21, 25, '2024-08-10', NULL),
(21, 26, '2024-08-10', NULL),
-- Patient 22 medications
(22, 27, '2024-08-15', NULL),
-- Patient 23 medications
(23, 1, '2024-08-20', NULL),
(23, 3, '2024-08-20', NULL),
(23, 16, '2024-08-20', NULL),
(23, 28, '2024-08-20', NULL),
(23, 29, '2024-08-20', NULL),
-- Patient 24 medications
(24, 15, '2024-08-25', '2024-09-25'),
(24, 30, '2024-08-25', NULL),
-- Patient 25 medications
(25, 1, '2024-09-01', NULL),
(25, 2, '2024-09-01', NULL),
(25, 3, '2024-09-01', NULL),
(25, 11, '2024-09-01', NULL),
(25, 31, '2024-09-01', NULL),
(25, 32, '2024-09-01', NULL),
-- Patient 26 medications
(26, 33, '2024-09-05', NULL),
-- Patient 27 medications
(27, 2, '2024-09-10', NULL),
(27, 13, '2024-09-10', NULL),
(27, 16, '2024-09-10', NULL),
(27, 34, '2024-09-10', NULL),
(27, 35, '2024-09-10', NULL),
-- Patient 28 medications
(28, 1, '2024-09-15', NULL),
-- Patient 29 medications
(29, 1, '2024-09-20', NULL),
(29, 2, '2024-09-20', NULL),
(29, 3, '2024-09-20', NULL),
(29, 11, '2024-09-20', NULL),
(29, 14, '2024-09-20', NULL),
(29, 17, '2024-09-20', NULL),
-- Patient 30 medications
(30, 6, '2024-09-25', NULL),
(30, 18, '2024-09-25', '2024-10-25'),
-- Patient 31 medications
(31, 1, '2024-10-01', NULL),
(31, 2, '2024-10-01', NULL),
(31, 3, '2024-10-01', NULL),
(31, 5, '2024-10-01', '2024-10-15'),
(31, 6, '2024-10-01', NULL),
(31, 11, '2024-10-01', NULL),
-- Patient 32 medications
(32, 7, '2024-10-05', NULL),
-- Patient 33 medications
(33, 1, '2024-10-10', NULL),
(33, 3, '2024-10-10', NULL),
(33, 8, '2024-10-10', NULL),
(33, 9, '2024-10-10', '2024-11-10'),
(33, 16, '2024-10-10', NULL),
(33, 21, '2024-10-10', NULL),
-- Patient 34 medications
(34, 10, '2024-10-15', '2024-10-30'),
-- Patient 35 medications
(35, 1, '2024-10-20', NULL),
(35, 2, '2024-10-20', NULL),
(35, 3, '2024-10-20', NULL),
(35, 11, '2024-10-20', NULL),
(35, 12, '2024-10-20', NULL),
(35, 17, '2024-10-20', NULL),
(35, 19, '2024-10-20', NULL),
-- Patient 36 medications
(36, 13, '2024-10-25', NULL),
-- Patient 37 medications
(37, 1, '2024-11-01', NULL),
(37, 2, '2024-11-01', NULL),
(37, 14, '2024-11-01', NULL),
(37, 15, '2024-11-01', '2024-11-15'),
(37, 16, '2024-11-01', NULL),
(37, 20, '2024-11-01', NULL),
-- Patient 38 medications
(38, 8, '2024-11-05', NULL),
(38, 16, '2024-11-05', NULL),
-- Patient 39 medications
(39, 1, '2024-11-10', NULL),
(39, 2, '2024-11-10', NULL),
(39, 3, '2024-11-10', NULL),
(39, 11, '2024-11-10', NULL),
(39, 17, '2024-11-10', NULL),
(39, 22, '2024-11-10', NULL),
(39, 26, '2024-11-10', NULL),
-- Patient 40 medications
(40, 18, '2024-11-15', '2024-12-15'),
(40, 27, '2024-11-15', NULL),
-- Additional prescriptions for bridge table requirement
(1, 21, '2024-11-20', NULL),
(2, 23, '2024-11-25', NULL),
(3, 24, '2024-12-01', NULL),
(4, 25, '2024-12-05', NULL),
(5, 26, '2024-12-10', NULL);

-- BRIDGE TABLE: MessagePatients (130 rows)
-- Multiple messages per patient for realistic communication patterns
INSERT INTO MessagePatients (MessageID, PatientID) VALUES
(1, 1), (2, 1), (34, 1), (45, 1),
(3, 2), (4, 2), (35, 2), (46, 2),
(5, 3), (6, 3), (36, 3), (47, 3),
(7, 4), (8, 4), (37, 4), (48, 4),
(9, 5), (10, 5), (38, 5), (49, 5),
(11, 6), (12, 6), (39, 6), (50, 6),
(13, 7), (14, 7), (40, 7), (51, 7),
(15, 8), (16, 8), (41, 8), (52, 8),
(17, 9), (18, 9), (42, 9), (53, 9),
(19, 10), (20, 10), (43, 10), (54, 10),
(21, 11), (22, 11), (44, 11), (55, 11),
(23, 12), (24, 12), (45, 12), (56, 12),
(25, 13), (26, 13), (46, 13), (57, 13),
(27, 14), (28, 14), (47, 14), (58, 14),
(29, 15), (30, 15), (48, 15), (59, 15),
(31, 16), (32, 16), (49, 16), (60, 16),
(33, 17), (34, 17), (50, 17),
(35, 18), (36, 18), (51, 18),
(37, 19), (38, 19), (52, 19),
(39, 20), (40, 20), (53, 20),
(41, 21), (42, 21), (54, 21),
(43, 22), (44, 22), (55, 22),
(45, 23), (46, 23), (56, 23),
(47, 24), (48, 24), (57, 24),
(49, 25), (50, 25), (58, 25),
(51, 26), (52, 26), (59, 26),
(53, 27), (54, 27), (60, 27),
(55, 28), (56, 28), (1, 28),
(57, 29), (58, 29), (2, 29),
(59, 30), (60, 30), (3, 30),
(1, 31), (2, 31), (4, 31),
(3, 32), (4, 32), (5, 32),
(5, 33), (6, 33), (7, 33),
(7, 34), (8, 34), (9, 34),
(9, 35), (10, 35), (11, 35),
(11, 36), (12, 36), (13, 36),
(13, 37), (14, 37), (15, 37),
(15, 38), (16, 38), (17, 38),
(17, 39), (18, 39), (19, 39),
(19, 40), (20, 40), (21, 40),
(22, 1), (23, 2), (24, 3),
(25, 4), (26, 5), (27, 6),
(28, 7), (29, 8), (30, 9),
(31, 10);

-- BRIDGE TABLE: MessageDoctor (130 rows)
INSERT INTO MessageDoctor (MessageID, DoctorID) VALUES
(1, 1), (2, 1), (34, 1), (45, 1),
(3, 2), (4, 2), (35, 2), (46, 2),
(5, 3), (6, 3), (36, 3), (47, 3),
(7, 4), (8, 4), (37, 4), (48, 4),
(9, 5), (10, 5), (38, 5), (49, 5),
(11, 6), (12, 6), (39, 6), (50, 6),
(13, 7), (14, 7), (40, 7), (51, 7),
(15, 8), (16, 8), (41, 8), (52, 8),
(17, 9), (18, 9), (42, 9), (53, 9),
(19, 10), (20, 10), (43, 10), (54, 10),
(21, 11), (22, 11), (44, 11), (55, 11),
(23, 12), (24, 12), (45, 12), (56, 12),
(25, 13), (26, 13), (46, 13), (57, 13),
(27, 14), (28, 14), (47, 14), (58, 14),
(29, 15), (30, 15), (48, 15), (59, 15),
(31, 16), (32, 16), (49, 16), (60, 16),
(33, 17), (34, 17), (50, 17),
(35, 18), (36, 18), (51, 18),
(37, 19), (38, 19), (52, 19),
(39, 20), (40, 20), (53, 20),
(41, 21), (42, 21), (54, 21),
(43, 22), (44, 22), (55, 22),
(45, 23), (46, 23), (56, 23),
(47, 24), (48, 24), (57, 24),
(49, 25), (50, 25), (58, 25),
(51, 26), (52, 26), (59, 26),
(53, 27), (54, 27), (60, 27),
(55, 28), (56, 28), (1, 28),
(57, 29), (58, 29), (2, 29),
(59, 30), (60, 30), (3, 30),
(1, 31), (2, 31), (4, 31),
(3, 32), (4, 32), (5, 32),
(5, 33), (6, 33), (7, 33),
(7, 34), (8, 34), (9, 34),
(9, 35), (10, 35), (11, 35);

-- BRIDGE TABLE: MessageNurse (130 rows)
INSERT INTO MessageNurse (MessageID, NurseID) VALUES
(1, 1), (2, 1), (34, 1), (45, 1), (56, 1),
(3, 2), (4, 2), (35, 2), (46, 2), (57, 2),
(5, 3), (6, 3), (36, 3), (47, 3), (58, 3),
(7, 4), (8, 4), (37, 4), (48, 4), (59, 4),
(9, 5), (10, 5), (38, 5), (49, 5), (60, 5),
(11, 6), (12, 6), (39, 6), (50, 6), (1, 6),
(13, 7), (14, 7), (40, 7), (51, 7), (2, 7),
(15, 8), (16, 8), (41, 8), (52, 8), (3, 8),
(17, 9), (18, 9), (42, 9), (53, 9), (4, 9),
(19, 10), (20, 10), (43, 10), (54, 10), (5, 10),
(21, 11), (22, 11), (44, 11), (55, 11), (6, 11),
(23, 12), (24, 12), (45, 12), (56, 12), (7, 12),
(25, 13), (26, 13), (46, 13), (57, 13), (8, 13),
(27, 14), (28, 14), (47, 14), (58, 14), (9, 14),
(29, 15), (30, 15), (48, 15), (59, 15), (10, 15),
(31, 16), (32, 16), (49, 16), (60, 16), (11, 16),
(33, 17), (34, 17), (50, 17), (12, 17),
(35, 18), (36, 18), (51, 18), (13, 18),
(37, 19), (38, 19), (52, 19), (14, 19),
(39, 20), (40, 20), (53, 20), (15, 20),
(41, 21), (42, 21), (54, 21), (16, 21),
(43, 22), (44, 22), (55, 22), (17, 22),
(45, 23), (46, 23), (56, 23), (18, 23),
(47, 24), (48, 24), (57, 24), (19, 24),
(49, 25), (50, 25), (58, 25), (20, 25),
(51, 26), (52, 26), (59, 26), (21, 26),
(53, 27), (54, 27), (60, 27), (22, 27),
(55, 28), (56, 28), (23, 28),
(57, 29), (58, 29), (24, 29),
(59, 30), (60, 30), (25, 30),
(26, 31), (27, 31), (28, 31),
(29, 32), (30, 32);

-- BRIDGE TABLE: AlertsDoctors (130 rows)
INSERT INTO AlertsDoctors (AlertID, DoctorID, AcknowledgedTime) VALUES
(1, 1, '2024-01-15 10:30:00'),
(2, 1, '2024-01-15 14:20:00'),
(3, 2, '2024-01-16 08:15:00'),
(4, 2, '2024-01-16 11:45:00'),
(5, 3, '2024-01-17 09:00:00'),
(6, 3, '2024-01-17 15:30:00'),
(7, 4, '2024-01-18 07:45:00'),
(8, 4, '2024-01-18 13:20:00'),
(9, 5, '2024-01-19 10:10:00'),
(10, 5, '2024-01-19 16:00:00'),
(11, 6, '2024-01-20 08:30:00'),
(12, 6, '2024-01-20 14:15:00'),
(13, 7, '2024-01-21 09:45:00'),
(14, 7, '2024-01-21 15:50:00'),
(15, 8, '2024-01-22 07:20:00'),
(16, 8, '2024-01-22 13:40:00'),
(17, 9, '2024-01-23 10:30:00'),
(18, 9, '2024-01-23 16:20:00'),
(19, 10, '2024-01-24 08:00:00'),
(20, 10, '2024-01-24 14:30:00'),
(21, 11, '2024-01-25 09:15:00'),
(22, 11, '2024-01-25 15:45:00'),
(23, 12, '2024-01-26 07:30:00'),
(24, 12, '2024-01-26 13:50:00'),
(25, 13, '2024-01-27 10:00:00'),
(26, 13, '2024-01-27 16:10:00'),
(27, 14, '2024-01-28 08:45:00'),
(28, 14, '2024-01-28 14:20:00'),
(29, 15, '2024-01-29 09:30:00'),
(30, 15, '2024-01-29 15:30:00'),
(31, 16, '2024-01-30 07:15:00'),
(32, 16, '2024-01-30 13:30:00'),
(33, 17, '2024-01-31 10:20:00'),
(34, 17, '2024-01-31 16:30:00'),
(35, 18, '2024-02-01 08:10:00'),
(36, 18, '2024-02-01 14:00:00'),
(37, 19, '2024-02-02 09:00:00'),
(38, 19, '2024-02-02 15:15:00'),
(39, 20, '2024-02-03 07:45:00'),
(40, 20, '2024-02-03 13:45:00'),
(41, 21, '2024-02-04 10:30:00'),
(42, 21, '2024-02-04 16:45:00'),
(43, 22, '2024-02-05 08:20:00'),
(44, 22, '2024-02-05 14:10:00'),
(45, 23, '2024-02-06 09:10:00'),
(46, 23, '2024-02-06 15:20:00'),
(47, 24, '2024-02-07 07:30:00'),
(48, 24, '2024-02-07 13:30:00'),
(49, 25, '2024-02-08 10:15:00'),
(50, 25, '2024-02-08 16:00:00'),
(51, 26, '2024-02-09 08:30:00'),
(52, 26, '2024-02-09 14:30:00'),
(53, 27, '2024-02-10 09:45:00'),
(54, 27, '2024-02-10 15:40:00'),
(55, 28, '2024-02-11 07:00:00'),
(1, 28, '2024-02-11 13:00:00'),
(2, 29, '2024-02-12 10:45:00'),
(3, 29, '2024-02-12 16:30:00'),
(4, 30, '2024-02-13 08:15:00'),
(5, 30, '2024-02-13 14:45:00'),
(6, 31, '2024-02-14 09:30:00'),
(7, 31, '2024-02-14 15:00:00'),
(8, 32, '2024-02-15 07:45:00'),
(9, 32, '2024-02-15 13:15:00'),
(10, 33, '2024-02-16 10:00:00'),
(11, 33, '2024-02-16 16:15:00'),
(12, 34, '2024-02-17 08:45:00'),
(13, 34, '2024-02-17 14:30:00'),
(14, 35, '2024-02-18 09:15:00'),
(15, 35, '2024-02-18 15:30:00'),
(16, 1, '2024-02-19 07:30:00'),
(17, 2, '2024-02-19 13:45:00'),
(18, 3, '2024-02-20 10:30:00'),
(19, 4, '2024-02-20 16:00:00'),
(20, 5, '2024-02-21 08:00:00'),
(21, 6, '2024-02-21 14:15:00'),
(22, 7, '2024-02-22 09:45:00'),
(23, 8, '2024-02-22 15:45:00'),
(24, 9, '2024-02-23 07:15:00'),
(25, 10, '2024-02-23 13:30:00'),
(26, 11, '2024-02-24 10:15:00'),
(27, 12, '2024-02-24 16:30:00'),
(28, 13, '2024-02-25 08:30:00'),
(29, 14, '2024-02-25 14:00:00'),
(32, 17, '2024-02-27 07:45:00'),
(33, 18, '2024-02-27 13:50:00'),
(34, 19, '2024-02-28 10:45:00'),
(35, 20, '2024-02-28 16:45:00'),
(36, 21, '2024-03-01 08:15:00'),
(37, 22, '2024-03-01 14:30:00'),
(38, 23, '2024-03-02 09:30:00'),
(39, 24, '2024-03-02 15:00:00'),
(40, 25, '2024-03-03 07:00:00'),
(41, 26, '2024-03-03 13:15:00'),
(42, 27, '2024-03-04 10:00:00'),
(43, 28, '2024-03-04 16:00:00'),
(44, 29, '2024-03-05 08:45:00'),
(45, 30, '2024-03-05 14:45:00'),
(46, 31, '2024-03-06 09:15:00'),
(47, 32, '2024-03-06 15:30:00'),
(48, 33, '2024-03-07 07:30:00'),
(49, 34, '2024-03-07 13:00:00'),
(50, 35, '2024-03-08 10:30:00'),
(51, 1, '2024-03-08 16:15:00'),
(52, 2, '2024-03-09 08:00:00'),
(53, 3, '2024-03-09 14:15:00'),
(54, 4, '2024-03-10 09:45:00'),
(55, 5, '2024-03-10 15:45:00');

-- BRIDGE TABLE: AlertsNurse (125 rows)
INSERT INTO AlertsNurse (AlertID, NurseID, AcknowledgedTime) VALUES
(1, 1, '2024-01-15 10:25:00'),
(2, 2, '2024-01-15 14:15:00'),
(3, 3, '2024-01-16 08:10:00'),
(4, 4, '2024-01-16 11:40:00'),
(5, 5, '2024-01-17 08:55:00'),
(6, 6, '2024-01-17 15:25:00'),
(7, 7, '2024-01-18 07:40:00'),
(8, 8, '2024-01-18 13:15:00'),
(9, 9, '2024-01-19 10:05:00'),
(10, 10, '2024-01-19 15:55:00'),
(11, 11, '2024-01-20 08:25:00'),
(12, 12, '2024-01-20 14:10:00'),
(13, 13, '2024-01-21 09:40:00'),
(14, 14, '2024-01-21 15:45:00'),
(15, 15, '2024-01-22 07:15:00'),
(16, 16, '2024-01-22 13:35:00'),
(17, 17, '2024-01-23 10:25:00'),
(18, 18, '2024-01-23 16:15:00'),
(19, 19, '2024-01-24 07:55:00'),
(20, 20, '2024-01-24 14:25:00'),
(21, 21, '2024-01-25 09:10:00'),
(22, 22, '2024-01-25 15:40:00'),
(23, 23, '2024-01-26 07:25:00'),
(24, 24, '2024-01-26 13:45:00'),
(25, 25, '2024-01-27 09:55:00'),
(26, 26, '2024-01-27 16:05:00'),
(27, 27, '2024-01-28 08:40:00'),
(28, 28, '2024-01-28 14:15:00'),
(29, 29, '2024-01-29 09:25:00'),
(30, 30, '2024-01-29 15:25:00'),
(31, 31, '2024-01-30 07:10:00'),
(32, 32, '2024-01-30 13:25:00'),
(33, 1, '2024-01-31 10:15:00'),
(34, 2, '2024-01-31 16:25:00'),
(35, 3, '2024-02-01 08:05:00'),
(36, 4, '2024-02-01 13:55:00'),
(37, 5, '2024-02-02 08:55:00'),
(38, 6, '2024-02-02 15:10:00'),
(39, 7, '2024-02-03 07:40:00'),
(40, 8, '2024-02-03 13:40:00'),
(41, 9, '2024-02-04 10:25:00'),
(42, 10, '2024-02-04 16:40:00'),
(43, 11, '2024-02-05 08:15:00'),
(44, 12, '2024-02-05 14:05:00'),
(45, 13, '2024-02-06 09:05:00'),
(46, 14, '2024-02-06 15:15:00'),
(47, 15, '2024-02-07 07:25:00'),
(48, 16, '2024-02-07 13:25:00'),
(49, 17, '2024-02-08 10:10:00'),
(50, 18, '2024-02-08 15:55:00'),
(51, 19, '2024-02-09 08:25:00'),
(52, 20, '2024-02-09 14:25:00'),
(53, 21, '2024-02-10 09:40:00'),
(54, 22, '2024-02-10 15:35:00'),
(55, 23, '2024-02-11 06:55:00'),
(1, 24, '2024-02-11 12:55:00'),
(2, 25, '2024-02-12 10:40:00'),
(3, 26, '2024-02-12 16:25:00'),
(4, 27, '2024-02-13 08:10:00'),
(5, 28, '2024-02-13 14:40:00'),
(6, 29, '2024-02-14 09:25:00'),
(7, 30, '2024-02-14 14:55:00'),
(8, 31, '2024-02-15 07:40:00'),
(9, 32, '2024-02-15 13:10:00'),
(10, 1, '2024-02-16 09:55:00'),
(11, 2, '2024-02-16 16:10:00'),
(12, 3, '2024-02-17 08:40:00'),
(13, 4, '2024-02-17 14:25:00'),
(14, 5, '2024-02-18 09:10:00'),
(15, 6, '2024-02-18 15:25:00'),
(16, 7, '2024-02-19 07:25:00'),
(17, 8, '2024-02-19 13:40:00'),
(18, 9, '2024-02-20 10:25:00'),
(19, 10, '2024-02-20 15:55:00'),
(20, 11, '2024-02-21 07:55:00'),
(21, 12, '2024-02-21 14:10:00'),
(22, 13, '2024-02-22 09:40:00'),
(23, 14, '2024-02-22 15:40:00'),
(24, 15, '2024-02-23 07:10:00'),
(25, 16, '2024-02-23 13:25:00'),
(26, 17, '2024-02-24 10:10:00'),
(27, 18, '2024-02-24 16:25:00'),
(28, 19, '2024-02-25 08:25:00'),
(29, 20, '2024-02-25 13:55:00'),
(30, 21, '2024-02-26 08:55:00'),
(31, 22, '2024-02-26 15:10:00'),
(32, 23, '2024-02-27 07:40:00'),
(33, 24, '2024-02-27 13:45:00'),
(34, 25, '2024-02-28 10:40:00'),
(35, 26, '2024-02-28 16:40:00'),
(36, 27, '2024-03-01 08:10:00'),
(37, 28, '2024-03-01 14:25:00'),
(38, 29, '2024-03-02 09:25:00'),
(39, 30, '2024-03-02 14:55:00'),
(40, 31, '2024-03-03 06:55:00'),
(41, 32, '2024-03-03 13:10:00'),
(42, 1, '2024-03-04 09:55:00'),
(43, 2, '2024-03-04 15:55:00'),
(44, 3, '2024-03-05 08:40:00'),
(45, 4, '2024-03-05 14:40:00'),
(46, 5, '2024-03-06 09:10:00'),
(47, 6, '2024-03-06 15:25:00'),
(48, 7, '2024-03-07 07:25:00'),
(49, 8, '2024-03-07 12:55:00'),
(50, 9, '2024-03-08 10:25:00'),
(51, 10, '2024-03-08 16:10:00'),
(52, 11, '2024-03-09 07:55:00'),
(53, 12, '2024-03-09 14:10:00'),
(54, 13, '2024-03-10 09:40:00'),
(55, 14, '2024-03-10 15:40:00'),
(56, 15, '2024-03-11 07:10:00'),
(57, 16, '2024-03-11 13:25:00'),
(58, 17, '2024-03-12 10:10:00'),
(59, 18, '2024-03-12 16:25:00'),
(60, 19, '2024-03-13 08:25:00'),
(61, 20, '2024-03-13 13:55:00'),
(62, 21, '2024-03-14 08:55:00'),
(63, 22, '2024-03-14 15:10:00'),
(64, 23, '2024-03-15 07:40:00'),
(65, 24, '2024-03-15 13:45:00'),
(66, 25, '2024-03-16 10:40:00'),
(67, 26, '2024-03-16 16:40:00'),
(68, 27, '2024-03-17 08:10:00'),
(69, 28, '2024-03-17 14:25:00'),
(70, 29, '2024-03-18 09:25:00');
